"InvoiceNo","StockCode","Description","Quantity","UnitPrice","CustomerID"
"536389","22941","CHRISTMAS_LIGHTS_10_REINDEER",6,8.5,12431
"536389","21622","VINTAGE_UNION_JACK_CUSHION_COVER",8,4.95,12431
"536389","21791","VINTAGE_HEADS_AND_TAILS_CARD_GAME",12,1.25,12431
"536389","35004C","SET_OF_3_COLOURED__FLYING_DUCKS",6,5.45,12431
"536389","35004G","SET_OF_3_GOLD_FLYING_DUCKS",4,6.35,12431
"536389","85014B","RED_RETROSPOT_UMBRELLA",6,5.95,12431
"536389","85014A","BLACK/BLUE_POLKADOT_UMBRELLA",3,5.95,12431
"536389","22193","RED_DINER_WALL_CLOCK",2,8.5,12431
"536389","22726","ALARM_CLOCK_BAKELIKE_GREEN",4,3.75,12431
"536389","22727","ALARM_CLOCK_BAKELIKE_RED",4,3.75,12431
"536389","22192","BLUE_DINER_WALL_CLOCK",2,8.5,12431
"536389","22191","IVORY_DINER_WALL_CLOCK",2,8.5,12431
"536389","22195","LARGE_HEART_MEASURING_SPOONS",24,1.65,12431
"536389","22196","SMALL_HEART_MEASURING_SPOONS",24,0.85,12431
"537676","22567","20_DOLLY_PEGS_RETROSPOT",24,1.25,12386
"537676","22915","ASSORTED_BOTTLE_TOP__MAGNETS",120,0.36,12386
"537676","22926","IVORY_GIANT_GARDEN_THERMOMETER",12,5.95,12386
"537676","22953","BIRTHDAY_PARTY_CORDON_BARRIER_TAPE",24,1.25,12386
"537676","21906","PHARMACIE_FIRST_AID_TIN",4,6.75,12386
"537676","22495","SET_OF_2_ROUND_TINS_CAMEMBERT",6,2.95,12386
"537676","22555","PLASTERS_IN_TIN_STRONGMAN",12,1.65,12386
"537676","22557","PLASTERS_IN_TIN_VINTAGE_PAISLEY",12,1.65,12386
"C538723","22333","RETROSPOT_PARTY_BAG_+_STICKER_SET",-7,1.65,12434
"C538723","22094","RED_RETROSPOT_TISSUE_BOX",-5,1.25,12434
"C538723","21217","RED_RETROSPOT_ROUND_CAKE_TINS",-1,9.95,12434
"539419","48138","DOORMAT_UNION_FLAG",10,6.75,12431
"539419","79067","CORONA_MEXICAN_TRAY",50,2.95,12431
"539419","20725","LUNCH_BAG_RED_RETROSPOT",10,1.65,12431
"539419","85099B","JUMBO_BAG_RED_RETROSPOT",10,1.95,12431
"539419","22728","ALARM_CLOCK_BAKELIKE_PINK",4,3.75,12431
"539419","22196","SMALL_HEART_MEASURING_SPOONS",24,0.85,12431
"539419","22195","LARGE_HEART_MEASURING_SPOONS",12,1.65,12431
"539419","22219","LOVEBIRD_HANGING_DECORATION_WHITE",12,0.85,12431
"539419","20685","DOORMAT_RED_RETROSPOT",4,7.95,12431
"539419","48138","DOORMAT_UNION_FLAG",10,6.75,12431
"540267","22078","RIBBON_REEL_LACE_DESIGN",120,1.85,12415
"540267","22079","RIBBON_REEL_HEARTS_DESIGN",120,1.45,12415
"540267","22080","RIBBON_REEL_POLKADOTS",120,1.45,12415
"540267","22077","6_RIBBONS_RUSTIC_CHARM",144,1.45,12415
"540267","22505","MEMO_BOARD_COTTAGE_DESIGN",24,4.25,12415
"540267","22516","CHILDS_GARDEN_RAKE_BLUE",36,1.85,12415
"540267","22517","CHILDS_GARDEN_RAKE_PINK",36,1.85,12415
"540267","22518","CHILDS_GARDEN_BRUSH_BLUE",36,1.85,12415
"540267","22519","CHILDS_GARDEN_BRUSH_PINK",36,1.85,12415
"540267","22514","CHILDS_GARDEN_SPADE_BLUE",36,1.85,12415
"540267","22515","CHILDS_GARDEN_SPADE_PINK",36,1.85,12415
"540267","22522","CHILDS_GARDEN_FORK_BLUE",192,0.72,12415
"540267","22524","CHILDRENS_GARDEN_GLOVES_BLUE",100,1.06,12415
"540267","22525","CHILDRENS_GARDEN_GLOVES_PINK",100,1.06,12415
"540267","22933","BAKING_MOULD_EASTER_EGG_MILK_CHOC",6,2.95,12415
"540267","22934","BAKING_MOULD_EASTER_EGG_WHITE_CHOC",48,2.55,12415
"540267","84218","BOX/12_CHICK_&_EGG_IN_BASKET",60,1.69,12415
"540267","84228","HEN_HOUSE_W_CHICK_STANDING",120,0.37,12415
"540267","22148","EASTER_CRAFT_4_CHICKS",40,1.65,12415
"540267","22857","ASSORTED_EASTER_GIFT_TAGS",144,0.72,12415
"540267","22858","EASTER_TIN_KEEPSAKE",48,1.65,12415
"540267","22859","EASTER_TIN_BUNNY_BOUQUET",48,1.65,12415
"540267","22860","EASTER_TIN_CHICKS_PINK_DAISY",48,1.65,12415
"540267","21915","RED__HARMONICA_IN_BOX",240,1.06,12415
"540267","21914","BLUE_HARMONICA_IN_BOX",240,1.06,12415
"540267","22492","MINI_PAINT_SET_VINTAGE",576,0.55,12415
"540267","22619","SET_OF_6_SOLDIER_SKITTLES",80,3.39,12415
"540267","21891","TRADITIONAL_WOODEN_SKIPPING_ROPE",144,1.06,12415
"540267","22620","4_TRADITIONAL_SPINNING_TOPS",160,1.06,12415
"540267","22659","LUNCH_BOX_I_LOVE_LONDON",64,1.65,12415
"540267","22720","SET_OF_3_CAKE_TINS_PANTRY_DESIGN",240,4.25,12415
"540267","22722","SET_OF_6_SPICE_TINS_PANTRY_DESIGN",168,3.45,12415
"540267","22692","DOORMAT_WELCOME_TO_OUR_HOME",20,6.75,12415
"540267","20685","DOORMAT_RED_RETROSPOT",20,6.75,12415
"540267","22379","RECYCLING_BAG_RETROSPOT",100,1.85,12415
"540267","22378","WALL_TIDY_RETROSPOT",60,0.85,12415
"540267","22354","RETROSPOT_PADDED_SEAT_CUSHION",60,3.39,12415
"540267","21243","PINK__POLKADOT_PLATE",96,1.45,12415
"540267","21244","BLUE_POLKADOT_PLATE",96,1.45,12415
"540267","21242","RED_RETROSPOT_PLATE",96,1.45,12415
"540267","21239","PINK__POLKADOT_CUP",96,0.72,12415
"540267","21240","BLUE_POLKADOT_CUP",96,0.72,12415
"540267","20676","RED_RETROSPOT_BOWL",72,1.06,12415
"540267","20677","PINK_POLKADOT_BOWL",72,1.06,12415
"540267","21238","RED_RETROSPOT_CUP",96,0.72,12415
"540267","20675","BLUE_POLKADOT_BOWL",72,1.06,12415
"540280","21422","PORCELAIN_ROSE_SMALL",80,0.85,12386
"540280","21421","PORCELAIN_ROSE_LARGE",60,1.25,12386
"540557","22523","CHILDS_GARDEN_FORK_PINK",96,0.85,12415
"540700","21581","SKULLS__DESIGN__COTTON_TOTE_BAG",6,2.25,12393
"540700","22619","SET_OF_6_SOLDIER_SKITTLES",8,3.75,12393
"540700","84997B","RED_3_PIECE_RETROSPOT_CUTLERY_SET",6,3.75,12393
"540700","20727","LUNCH_BAG__BLACK_SKULL.",20,1.65,12393
"540700","20726","LUNCH_BAG_WOODLAND",20,1.65,12393
"540700","22383","LUNCH_BAG_SUKI__DESIGN",10,1.65,12393
"540700","21249","WOODLAND__HEIGHT_CHART_STICKERS",6,2.95,12393
"540700","22378","WALL_TIDY_RETROSPOT",20,0.85,12393
"540700","22175","PINK_OWL_SOFT_TOY",12,2.95,12393
"540700","22176","BLUE_OWL_SOFT_TOY",12,2.95,12393
"540700","84997C","BLUE_3_PIECE_POLKADOT_CUTLERY_SET",6,3.75,12393
"540700","20728","LUNCH_BAG_CARS_BLUE",20,1.65,12393
"540700","22382","LUNCH_BAG_SPACEBOY_DESIGN",20,1.65,12393
"540700","21915","RED__HARMONICA_IN_BOX",12,1.25,12393
"540700","22549","PICTURE_DOMINOES",12,1.45,12393
"540700","21578","WOODLAND_DESIGN__COTTON_TOTE_BAG",12,2.25,12393
"540700","21577","SAVE_THE_PLANET_COTTON_TOTE_BAG",12,2.25,12393
"540700","22245","HOOK,_1_HANGER_,MAGIC_GARDEN",12,0.85,12393
"540700","22244","3_HOOK_HANGER_MAGIC_GARDEN",12,1.95,12393
"541149","22449","SILK_PURSE_BABUSHKA_PINK",6,2.95,12393
"541149","22450","SILK_PURSE_BABUSHKA_BLUE",6,2.95,12393
"541149","22451","SILK_PURSE_BABUSHKA_RED",48,2.95,12393
"541271","84970L","SINGLE_HEART_ZINC_T-LIGHT_HOLDER",12,0.95,12388
"541271","71459","HANGING_JAM_JAR_T-LIGHT_HOLDER",24,0.85,12388
"541271","22429","ENAMEL_MEASURING_JUG_CREAM",4,4.25,12388
"541271","22262","FELT_EGG_COSY_CHICKEN",12,0.85,12388
"541271","47590B","PINK_HAPPY_BIRTHDAY_BUNTING",6,5.45,12388
"541271","47590A","BLUE_HAPPY_BIRTHDAY_BUNTING",6,5.45,12388
"541271","22669","RED_BABY_BUNTING",6,2.95,12388
"541271","22148","EASTER_CRAFT_4_CHICKS",12,1.95,12388
"541271","22957","SET_3_PAPER_VINTAGE_CHICK_PAPER_EGG",6,2.95,12388
"541271","47566","PARTY_BUNTING",5,4.65,12388
"541271","22963","JAM_JAR_WITH_GREEN_LID",12,0.85,12388
"541271","22962","JAM_JAR_WITH_PINK_LID",12,0.85,12388
"541271","22961","JAM_MAKING_SET_PRINTED",24,1.45,12388
"541271","22960","JAM_MAKING_SET_WITH_JARS",12,3.75,12388
"541271","22967","SET_3_SONG_BIRD_PAPER_EGGS_ASSORTED",6,2.95,12388
"541271","22310","IVORY_KNITTED_MUG_COSY",6,1.65,12388
"541271","22969","HOMEMADE_JAM_SCENTED_CANDLES",24,1.45,12388
"541271","22722","SET_OF_6_SPICE_TINS_PANTRY_DESIGN",12,3.95,12388
"541271","22720","SET_OF_3_CAKE_TINS_PANTRY_DESIGN",3,4.95,12388
"541520","20728","LUNCH_BAG_CARS_BLUE",10,1.65,12422
"541520","20713","JUMBO_BAG_OWLS",10,1.95,12422
"541520","21937","STRAWBERRY___PICNIC_BAG",5,2.95,12422
"541520","21936","RED_RETROSPOT_PICNIC_BAG",5,2.95,12422
"541520","21932","SCANDINAVIAN_PAISLEY_PICNIC_BAG",5,2.95,12422
"541520","20717","STRAWBERRY_SHOPPER_BAG",10,1.25,12422
"541520","22503","CABIN_BAG_VINTAGE_PAISLEY",3,12.75,12422
"541520","20712","JUMBO_BAG_WOODLAND_ANIMALS",10,1.95,12422
"541520","85099C","JUMBO__BAG_BAROQUE_BLACK_WHITE",10,1.95,12422
"541520","22379","RECYCLING_BAG_RETROSPOT",5,2.1,12422
"541520","22356","CHARLOTTE_BAG_PINK_POLKADOT",10,0.85,12422
"541520","20727","LUNCH_BAG__BLACK_SKULL.",10,1.65,12422
"541520","22384","LUNCH_BAG_PINK_POLKADOT",20,1.65,12422
"541657","22087","PAPER_BUNTING_WHITE_LACE",6,2.95,16321
"541657","85123A","WHITE_HANGING_HEART_T-LIGHT_HOLDER",6,2.95,16321
"541657","21056","DOCTOR'S_BAG_SOFT_TOY",3,8.95,16321
"541657","22960","JAM_MAKING_SET_WITH_JARS",6,4.25,16321
"542542","21115","ROSE_CARAVAN_DOORSTOP",4,6.75,12431
"542542","21524","DOORMAT_SPOTTY_HOME_SWEET_HOME",2,7.95,12431
"542542","22785","SQUARECUSHION_COVER_PINK_UNION_FLAG",4,6.75,12431
"542542","22786","CUSHION_COVER_PINK_UNION_JACK",4,5.95,12431
"542542","22192","BLUE_DINER_WALL_CLOCK",4,8.5,12431
"542542","22193","RED_DINER_WALL_CLOCK",4,8.5,12431
"542542","22191","IVORY_DINER_WALL_CLOCK",4,8.5,12431
"542542","22726","ALARM_CLOCK_BAKELIKE_GREEN",4,3.75,12431
"542542","22727","ALARM_CLOCK_BAKELIKE_RED",4,3.75,12431
"542542","22728","ALARM_CLOCK_BAKELIKE_PINK",4,3.75,12431
"542542","22729","ALARM_CLOCK_BAKELIKE_ORANGE",4,3.75,12431
"542542","22730","ALARM_CLOCK_BAKELIKE_IVORY",4,3.75,12431
"542542","84988","SET_OF_72_PINK_HEART_PAPER_DOILIES",12,1.45,12431
"542542","22194","BLACK_DINER_WALL_CLOCK",2,8.5,12431
"542542","21243","PINK__POLKADOT_PLATE",8,1.69,12431
"542542","21242","RED_RETROSPOT_PLATE",8,1.69,12431
"542542","21245","GREEN_POLKADOT_PLATE",8,1.69,12431
"542542","21244","BLUE_POLKADOT_PLATE",8,1.69,12431
"542542","22467","GUMBALL_COAT_RACK",6,2.55,12431
"542542","21094","SET/6_RED_SPOTTY_PAPER_PLATES",12,0.85,12431
"543357","84978","HANGING_HEART_JAR_T-LIGHT_HOLDER",12,1.25,12388
"543357","22960","JAM_MAKING_SET_WITH_JARS",6,4.25,12388
"543357","47590B","PINK_HAPPY_BIRTHDAY_BUNTING",3,5.45,12388
"543357","47566","PARTY_BUNTING",4,4.95,12388
"543357","22087","PAPER_BUNTING_WHITE_LACE",6,2.95,12388
"543357","22720","SET_OF_3_CAKE_TINS_PANTRY_DESIGN",6,4.95,12388
"543372","22087","PAPER_BUNTING_WHITE_LACE",18,2.95,16321
"543372","22325","MOBILE_VINTAGE_HEARTS",3,4.95,16321
"C543375","22325","MOBILE_VINTAGE_HEARTS",-3,4.95,16321
"C543375","22087","PAPER_BUNTING_WHITE_LACE",-18,2.95,16321
"543376","22325","MOBILE_VINTAGE_HEARTS",3,4.95,16321
"543376","22087","PAPER_BUNTING_WHITE_LACE",18,2.95,16321
"543989","23231","WRAP_DOILEY_DESIGN",200,0.34,12415
"543989","23230","WRAP_ALPHABET_DESIGN",200,0.34,12415
"543989","23233","WRAP_POPPIES__DESIGN",100,0.42,12415
"543989","22989","SET_2_PANTRY_DESIGN_TEA_TOWELS",200,2.75,12415
"543989","22990","COTTON_APRON_PANTRY_DESIGN",100,4.25,12415
"543989","22969","HOMEMADE_JAM_SCENTED_CANDLES",480,1.25,12415
"543989","22962","JAM_JAR_WITH_PINK_LID",384,0.72,12415
"543989","22963","JAM_JAR_WITH_GREEN_LID",240,0.72,12415
"543989","22960","JAM_MAKING_SET_WITH_JARS",96,3.75,12415
"543989","22666","RECIPE_BOX_PANTRY_YELLOW_DESIGN",96,2.55,12415
"543989","22907","PACK_OF_20_NAPKINS_PANTRY_DESIGN",96,0.72,12415
"543989","22722","SET_OF_6_SPICE_TINS_PANTRY_DESIGN",48,3.45,12415
"543989","22968","ROSE_COTTAGE_KEEPSAKE_BOX",48,8.5,12415
"543989","22652","TRAVEL_SEWING_KIT",200,1.45,12415
"543989","22654","DELUXE_SEWING_KIT",80,4.95,12415
"543989","22653","BUTTON_BOX",100,1.95,12415
"543989","22651","GENTLEMAN_SHIRT_REPAIR_KIT",288,0.72,12415
"543989","22630","DOLLY_GIRL_LUNCH_BOX",256,1.65,12415
"543989","22662","LUNCH_BAG_DOLLY_GIRL_DESIGN",200,1.45,12415
"543989","22635","CHILDS_BREAKFAST_SET_DOLLY_GIRL",16,8.5,12415
"543989","22029","SPACEBOY_BIRTHDAY_CARD",144,0.36,12415
"543989","22382","LUNCH_BAG_SPACEBOY_DESIGN",100,1.45,12415
"543989","22544","MINI_JIGSAW_SPACEBOY",240,0.36,12415
"543989","22613","PACK_OF_20_SPACEBOY_NAPKINS",96,0.72,12415
"543989","22629","SPACEBOY_LUNCH_BOX",192,1.65,12415
"543989","22617","BAKING_SET_SPACEBOY_DESIGN",72,4.25,12415
"543989","22634","CHILDS_BREAKFAST_SET_SPACEBOY",24,8.5,12415
"543989","22417","PACK_OF_60_SPACEBOY_CAKE_CASES",120,0.42,12415
"543989","22631","CIRCUS_PARADE_LUNCH_BOX",128,1.65,12415
"543989","22556","PLASTERS_IN_TIN_CIRCUS_PARADE",96,1.45,12415
"543989","22716","CARD_CIRCUS_PARADE",144,0.36,12415
"543989","22636","CHILDS_BREAKFAST_SET_CIRCUS_PARADE",24,7.65,12415
"543989","22423","REGENCY_CAKESTAND_3_TIER",64,10.95,12415
"543989","22699","ROSES_REGENCY_TEACUP_AND_SAUCER",72,2.55,12415
"543989","22698","PINK_REGENCY_TEACUP_AND_SAUCER",72,2.55,12415
"543989","22697","GREEN_REGENCY_TEACUP_AND_SAUCER",72,2.55,12415
"543989","84997B","RED_3_PIECE_RETROSPOT_CUTLERY_SET",72,3.75,12415
"543989","21080","SET/20_RED_RETROSPOT_PAPER_NAPKINS",192,0.72,12415
"543989","21086","SET/6_RED_SPOTTY_PAPER_CUPS",216,0.53,12415
"543989","21094","SET/6_RED_SPOTTY_PAPER_PLATES",288,0.64,12415
"543989","21210","SET_OF_72_RETROSPOT_PAPER__DOILIES",192,1.25,12415
"543989","21216","SET_3_RETROSPOT_TEA,COFFEE,SUGAR",72,4.25,12415
"543989","21212","PACK_OF_72_RETROSPOT_CAKE_CASES",120,0.42,12415
"543989","21217","RED_RETROSPOT_ROUND_CAKE_TINS",48,8.95,12415
"543989","21880","RED_RETROSPOT_TAPE",72,0.65,12415
"543989","22139","RETROSPOT_TEA_SET_CERAMIC_11_PC",96,4.25,12415
"543989","22333","RETROSPOT_PARTY_BAG_+_STICKER_SET",192,1.45,12415
"543989","22329","ROUND_CONTAINER_SET_OF_5_RETROSPOT",144,1.45,12415
"543989","22505","MEMO_BOARD_COTTAGE_DESIGN",24,4.25,12415
"543989","22628","PICNIC_BOXES_SET_OF_3_RETROSPOT",120,4.25,12415
"543989","22667","RECIPE_BOX_RETROSPOT",24,2.55,12415
"543989","21218","RED_SPOTTY_BISCUIT_TIN",96,3.25,12415
"543989","22840","ROUND_CAKE_TIN_VINTAGE_RED",12,6.95,12415
"543989","22841","ROUND_CAKE_TIN_VINTAGE_GREEN",12,6.95,12415
"543989","22842","BISCUIT_TIN_VINTAGE_RED",12,5.95,12415
"543989","22843","BISCUIT_TIN_VINTAGE_GREEN",12,5.95,12415
"543989","21164","HOME_SWEET_HOME_METAL_SIGN",72,2.55,12415
"543989","21249","WOODLAND__HEIGHT_CHART_STICKERS",60,2.55,12415
"543989","20726","LUNCH_BAG_WOODLAND",100,1.45,12415
"543989","22331","WOODLAND_PARTY_BAG_+_STICKER_SET",144,1.45,12415
"543989","20973","12_PENCIL_SMALL_TUBE_WOODLAND",384,0.55,12415
"543989","22326","ROUND_SNACK_BOXES_SET_OF4_WOODLAND",96,2.55,12415
"543989","21058","PARTY_INVITES_WOODLAND",144,0.72,12415
"543989","22835","HOT_WATER_BOTTLE_I_AM_SO_POORLY",8,4.65,12415
"543989","84029G","KNITTED_UNION_FLAG_HOT_WATER_BOTTLE",8,3.75,12415
"543989","21195","PINK__HONEYCOMB_PAPER_BALL",48,1.69,12415
"543989","21191","LARGE_WHITE_HONEYCOMB_PAPER_BELL",48,1.69,12415
"543989","21192","WHITE_BELL_HONEYCOMB_PAPER",48,1.45,12415
"543989","21977","PACK_OF_60_PINK_PAISLEY_CAKE_CASES",120,0.42,12415
"545065","22992","REVOLVER_WOODEN_RULER",24,1.95,12431
"545065","21731","RED_TOADSTOOL_LED_NIGHT_LIGHT",144,1.45,12431
"545065","22505","MEMO_BOARD_COTTAGE_DESIGN",4,4.95,12431
"545065","21937","STRAWBERRY___PICNIC_BAG",5,2.95,12431
"545065","21936","RED_RETROSPOT_PICNIC_BAG",5,2.95,12431
"545065","22785","SQUARECUSHION_COVER_PINK_UNION_FLAG",4,6.75,12431
"545065","22786","CUSHION_COVER_PINK_UNION_JACK",2,5.95,12431
"545065","21933","PINK_VINTAGE_PAISLEY_PICNIC_BAG",5,2.95,12431
"545065","21555","CERAMIC_STRAWBERRY_TRINKET_TRAY",12,2.55,12431
"545065","22466","FAIRY_TALE_COTTAGE_NIGHTLIGHT",12,1.95,12431
"545475","22978","PANTRY_ROLLING_PIN",72,3.39,12415
"545475","22980","PANTRY_SCRUBBING_BRUSH",144,1.45,12415
"545475","22993","SET_OF_4_PANTRY_JELLY_MOULDS",144,1.06,12415
"545475","22654","DELUXE_SEWING_KIT",80,4.95,12415
"545475","22968","ROSE_COTTAGE_KEEPSAKE_BOX",24,8.5,12415
"545475","22505","MEMO_BOARD_COTTAGE_DESIGN",24,4.25,12415
"545475","22539","MINI_JIGSAW_DOLLY_GIRL",240,0.36,12415
"545475","22630","DOLLY_GIRL_LUNCH_BOX",256,1.65,12415
"545475","22662","LUNCH_BAG_DOLLY_GIRL_DESIGN",100,1.45,12415
"545475","22635","CHILDS_BREAKFAST_SET_DOLLY_GIRL",24,8.5,12415
"545475","22708","WRAP_DOLLY_GIRL",200,0.34,12415
"545475","22423","REGENCY_CAKESTAND_3_TIER",32,10.95,12415
"545475","22699","ROSES_REGENCY_TEACUP_AND_SAUCER",24,2.55,12415
"545475","84997B","CHILDRENS_CUTLERY_RETROSPOT_RED",72,3.75,12415
"545475","21080","SET/20_RED_RETROSPOT_PAPER_NAPKINS",96,0.72,12415
"545475","21086","SET/6_RED_SPOTTY_PAPER_CUPS",216,0.53,12415
"545475","21094","SET/6_RED_SPOTTY_PAPER_PLATES",96,0.64,12415
"545475","21216","SET_3_RETROSPOT_TEA,COFFEE,SUGAR",120,4.25,12415
"545475","21217","RED_RETROSPOT_ROUND_CAKE_TINS",120,8.95,12415
"545475","22083","PAPER_CHAIN_KIT_RETROSPOT",80,2.55,12415
"545475","22090","PAPER_BUNTING_RETROSPOT",80,2.55,12415
"545475","21218","RED_SPOTTY_BISCUIT_TIN",120,3.25,12415
"545475","20677","PINK_POLKADOT_BOWL",144,1.06,12415
"545475","21239","PINK__POLKADOT_CUP",96,0.72,12415
"545475","21240","BLUE_POLKADOT_CUP",96,0.72,12415
"545475","21243","PINK__POLKADOT_PLATE",96,1.45,12415
"545475","21244","BLUE_POLKADOT_PLATE",96,1.45,12415
"545475","21238","RED_RETROSPOT_CUP",96,0.72,12415
"545475","22842","BISCUIT_TIN_VINTAGE_RED",48,5.95,12415
"545475","22841","ROUND_CAKE_TIN_VINTAGE_GREEN",36,6.95,12415
"545475","22840","ROUND_CAKE_TIN_VINTAGE_RED",36,6.95,12415
"545475","22838","3_TIER_CAKE_TIN_RED_AND_CREAM",20,14.95,12415
"545475","22839","3_TIER_CAKE_TIN_GREEN_AND_CREAM",32,12.75,12415
"545475","22846","BREAD_BIN_DINER_STYLE_RED",16,14.95,12415
"545475","22849","BREAD_BIN_DINER_STYLE_MINT",8,14.95,12415
"545475","22848","BREAD_BIN_DINER_STYLE_PINK",8,14.95,12415
"545475","22666","RECIPE_BOX_PANTRY_YELLOW_DESIGN",72,2.55,12415
"545475","22960","JAM_MAKING_SET_WITH_JARS",120,3.75,12415
"545475","22961","JAM_MAKING_SET_PRINTED",96,1.25,12415
"545475","22969","HOMEMADE_JAM_SCENTED_CANDLES",288,1.25,12415
"545475","21508","VINTAGE_KID_DOLLY_CARD",72,0.36,12415
"545475","21509","COWBOYS_AND_INDIANS_BIRTHDAY_CARD",144,0.36,12415
"545475","22027","TEA_PARTY_BIRTHDAY_CARD",144,0.36,12415
"545475","22029","SPACEBOY_BIRTHDAY_CARD",72,0.36,12415
"545475","22714","CARD_BIRTHDAY_COWBOY",144,0.36,12415
"545475","22035","VINTAGE_CARAVAN_GREETING_CARD",72,0.36,12415
"545475","22715","CARD_WEDDING_DAY",144,0.36,12415
"545475","22046","TEA_PARTY__WRAPPING_PAPER",200,0.34,12415
"545475","22636","CHILDS_BREAKFAST_SET_CIRCUS_PARADE",24,7.65,12415
"545475","22631","CIRCUS_PARADE_LUNCH_BOX",128,1.65,12415
"545475","22615","PACK_OF_12_CIRCUS_PARADE_TISSUES",432,0.25,12415
"545475","22555","PLASTERS_IN_TIN_STRONGMAN",288,1.45,12415
"545475","22551","PLASTERS_IN_TIN_SPACEBOY",192,1.45,12415
"545475","22556","PLASTERS_IN_TIN_CIRCUS_PARADE",192,1.45,12415
"545475","22557","PLASTERS_IN_TIN_VINTAGE_PAISLEY",96,1.45,12415
"545475","21984","PACK_OF_12_PINK_PAISLEY_TISSUES",432,0.25,12415
"545475","21981","PACK_OF_12_WOODLAND_TISSUES",432,0.25,12415
"545475","22093","MOTORING_TISSUE_BOX",36,1.06,12415
"545475","22045","SPACEBOY_GIFT_WRAP",200,0.34,12415
"545475","22382","LUNCH_BAG_SPACEBOY_DESIGN",100,1.45,12415
"545475","22629","SPACEBOY_LUNCH_BOX",320,1.65,12415
"545475","22634","CHILDS_BREAKFAST_SET_SPACEBOY",24,8.5,12415
"545475","22617","BAKING_SET_SPACEBOY_DESIGN",48,4.25,12415
"545475","22541","MINI_JIGSAW_LEAP_FROG",240,0.36,12415
"545475","22540","MINI_JIGSAW_CIRCUS_PARADE",240,0.36,12415
"545475","21915","RED__HARMONICA_IN_BOX",240,1.06,12415
"545475","21914","BLUE_HARMONICA_IN_BOX",240,1.06,12415
"545475","22271","FELTCRAFT_DOLL_ROSIE",96,2.55,12415
"545475","22272","FELTCRAFT_DOLL_MARIA",48,2.55,12415
"545475","22273","FELTCRAFT_DOLL_MOLLY",96,2.55,12415
"545475","22274","FELTCRAFT_DOLL_EMILY",96,2.55,12415
"545475","22751","FELTCRAFT_PRINCESS_OLIVIA_DOLL",96,3.39,12415
"545475","22750","FELTCRAFT_PRINCESS_LOLA_DOLL",144,3.39,12415
"545475","22749","FELTCRAFT_PRINCESS_CHARLOTTE_DOLL",144,3.39,12415
"545475","22620","4_TRADITIONAL_SPINNING_TOPS",160,1.06,12415
"545475","22619","SET_OF_6_SOLDIER_SKITTLES",80,3.39,12415
"545475","20675","BLUE_POLKADOT_BOWL",144,1.06,12415
"545475","22843","BISCUIT_TIN_VINTAGE_GREEN",48,5.95,12415
"545475","22028","PENNY_FARTHING_BIRTHDAY_CARD",72,0.36,12415
"545475","22024","RAINY_LADIES_BIRTHDAY_CARD",144,0.36,12415
"545475","20676","RED_RETROSPOT_BOWL",144,1.06,12415
"545475","21242","RED_RETROSPOT_PLATE",96,1.45,12415
"C545525","22969","HOMEMADE_JAM_SCENTED_CANDLES",-86,1.25,12415
"C545525","22697","GREEN_REGENCY_TEACUP_AND_SAUCER",-24,2.55,12415
"546135","22967","SET_3_SONG_BIRD_PAPER_EGGS_ASSORTED",6,2.95,12388
"546135","22957","SET_3_PAPER_VINTAGE_CHICK_PAPER_EGG",6,2.95,12388
"546135","22148","EASTER_CRAFT_4_CHICKS",12,1.95,12388
"546135","22262","FELT_EGG_COSY_CHICKEN",12,0.85,12388
"546135","22310","IVORY_KNITTED_MUG_COSY",6,1.65,12388
"546135","47566","PARTY_BUNTING",12,4.95,12388
"546135","22720","SET_OF_3_CAKE_TINS_PANTRY_DESIGN",6,4.95,12388
"546135","84978","HANGING_HEART_JAR_T-LIGHT_HOLDER",12,1.25,12388
"546135","84970S","HANGING_HEART_ZINC_T-LIGHT_HOLDER",12,0.85,12388
"546135","22083","PAPER_CHAIN_KIT_RETROSPOT",6,2.95,12388
"547659","20665","RED_RETROSPOT_PURSE",6,2.95,12434
"547659","22232","JIGSAW_TOADSTOOLS_3_PIECE",8,1.65,12434
"547659","23052","RECYCLED_ACAPULCO_MAT_TURQUOISE",2,8.25,12434
"547659","23053","RECYCLED_ACAPULCO_MAT_PINK",2,8.25,12434
"547659","20749","ASSORTED_COLOUR_MINI_CASES",2,7.95,12434
"547659","20750","RED_RETROSPOT_MINI_CASES",2,7.95,12434
"547659","47590A","BLUE_HAPPY_BIRTHDAY_BUNTING",3,5.45,12434
"547659","47590B","PINK_HAPPY_BIRTHDAY_BUNTING",3,5.45,12434
"547659","21366","MIRRORED_WALL_ART_PHOTO_FRAMES",3,4.25,12434
"547659","21372","MIRRORED_WALL_ART_TABLE_LAMP",6,2.95,12434
"547659","20984","12_PENCILS_TALL_TUBE_POSY",12,0.85,12434
"547659","20983","12_PENCILS_TALL_TUBE_RED_RETROSPOT",12,0.85,12434
"547659","22786","CUSHION_COVER_PINK_UNION_JACK",8,5.95,12434
"547659","22785","SQUARECUSHION_COVER_PINK_UNION_FLAG",4,6.75,12434
"547659","48138","DOORMAT_UNION_FLAG",2,7.95,12434
"547659","23051","RECYCLED_ACAPULCO_MAT_BLUE",2,8.25,12434
"548661","POST","POSTAGE",1,350,12415
"C548729","22232","JIGSAW_TOADSTOOLS_3_PIECE",-8,1.65,12434
"549313","22993","SET_OF_4_PANTRY_JELLY_MOULDS",12,1.25,12393
"549313","22449","SILK_PURSE_BABUSHKA_PINK",6,3.35,12393
"549313","20726","LUNCH_BAG_WOODLAND",10,1.65,12393
"549313","20725","LUNCH_BAG_RED_RETROSPOT",30,1.65,12393
"549313","20727","LUNCH_BAG__BLACK_SKULL.",10,1.65,12393
"549313","22383","LUNCH_BAG_SUKI_DESIGN",30,1.65,12393
"549313","22384","LUNCH_BAG_PINK_POLKADOT",30,1.65,12393
"549313","22662","LUNCH_BAG_DOLLY_GIRL_DESIGN",30,1.65,12393
"549313","22333","RETROSPOT_PARTY_BAG_+_STICKER_SET",8,1.65,12393
"549313","84997B","CHILDRENS_CUTLERY_RETROSPOT_RED",4,4.15,12393
"549313","22273","FELTCRAFT_DOLL_MOLLY",6,2.95,12393
"549313","22382","LUNCH_BAG_SPACEBOY_DESIGN",10,1.65,12393
"549313","22379","RECYCLING_BAG_RETROSPOT",10,2.1,12393
"549313","22138","BAKING_SET_9_PIECE_RETROSPOT",3,4.95,12393
"549313","22617","BAKING_SET_SPACEBOY_DESIGN",3,4.95,12393
"549313","22195","LARGE_HEART_MEASURING_SPOONS",12,1.65,12393
"549313","22380","TOY_TIDY_SPACEBOY",10,2.1,12393
"C551348","22990","COTTON_APRON_PANTRY_DESIGN",-100,4.25,12415
"552956","22699","ROSES_REGENCY_TEACUP_AND_SAUCER",6,2.95,12431
"552956","22859","EASTER_TIN_BUNNY_BOUQUET",6,1.65,12431
"552956","22730","ALARM_CLOCK_BAKELIKE_IVORY",4,3.75,12431
"552956","84663A","GRASS_HOPPER_WOODEN_WALL_CLOCK",3,5.95,12431
"552956","23206","LUNCH_BAG_APPLE_DESIGN",10,1.65,12431
"552956","48129","DOORMAT_TOPIARY",2,7.95,12431
"552956","23159","SET_OF_5_PANCAKE_DAY_MAGNETS",24,2.08,12431
"552956","23158","SET_OF_5_LUCKY_CAT_MAGNETS",24,2.08,12431
"552956","84945","MULTI_COLOUR_SILVER_T-LIGHT_HOLDER",24,0.85,12431
"552956","23155","KNICKERBOCKERGLORY_MAGNET_ASSORTED",12,0.83,12431
"552956","22698","PINK_REGENCY_TEACUP_AND_SAUCER",6,2.95,12431
"552956","22697","GREEN_REGENCY_TEACUP_AND_SAUCER",6,2.95,12431
"552956","22382","LUNCH_BAG_SPACEBOY_DESIGN",10,1.65,12431
"552956","21524","DOORMAT_SPOTTY_HOME_SWEET_HOME",2,7.95,12431
"552956","22692","DOORMAT_WELCOME_TO_OUR_HOME",2,7.95,12431
"552956","22690","DOORMAT_HOME_SWEET_HOME_BLUE",2,7.95,12431
"552956","21935","SUKI__SHOULDER_BAG",10,1.65,12431
"552956","21481","FAWN_BLUE_HOT_WATER_BOTTLE",6,2.95,12431
"552956","48138","DOORMAT_UNION_FLAG",4,7.95,12431
"552956","23284","DOORMAT_KEEP_CALM_AND_COME_IN",4,7.95,12431
"552956","23040","PAPER_LANTERN_9_POINT_SNOW_STAR",3,5.75,12431
"552956","23108","SET_OF_10_LED_DOLLY_LIGHTS",2,6.25,12431
"552956","23084","RABBIT_NIGHT_LIGHT",12,2.08,12431
"553546","22457","NATURAL_SLATE_HEART_CHALKBOARD",144,2.55,12415
"553546","23176","ABC_TREASURE_BOOK_BOX",288,1.95,12415
"553546","22109","FULL_ENGLISH_BREAKFAST_PLATE",144,3.39,12415
"553546","85014A","BLACK/BLUE_POLKADOT_UMBRELLA",6,5.95,12415
"553546","22488","NATURAL_SLATE_RECTANGLE_CHALKBOARD",96,1.45,12415
"553546","21524","DOORMAT_SPOTTY_HOME_SWEET_HOME",10,6.75,12415
"553546","23193","BUFFALO_BILL_TREASURE_BOOK_BOX",144,1.95,12415
"553546","23177","TREASURE_ISLAND_BOOK_BOX",144,1.95,12415
"553546","48138","DOORMAT_UNION_FLAG",10,6.75,12415
"553546","23194","GYMKHANA_TREASURE_BOOK_BOX",144,1.95,12415
"553546","85014B","RED_RETROSPOT_UMBRELLA",12,5.95,12415
"553546","37370","RETRO_COFFEE_MUGS_ASSORTED",108,1.25,12415
"553546","23175","REGENCY_MILK_JUG_PINK",48,2.75,12415
"553546","21084","SET/6_COLLAGE_PAPER_CUPS",240,0.19,12415
"553546","85071A","BLUE_CHARLIE+LOLA_PERSONAL_DOORSIGN",96,0.38,12415
"553546","21877","HOME_SWEET_HOME_MUG",144,1.06,12415
"553546","23172","REGENCY_TEA_PLATE_PINK",48,1.45,12415
"553546","21195","PINK__HONEYCOMB_PAPER_BALL",48,1.69,12415
"553546","84519B","CARROT_CHARLIE+LOLA_COASTER_SET",24,1.25,12415
"553546","85071B","RED_CHARLIE+LOLA_PERSONAL_DOORSIGN",96,0.38,12415
"553546","85071C","CHARLIE+LOLA""EXTREMELY_BUSY""_SIGN",96,0.38,12415
"553546","21090","SET/6_COLLAGE_PAPER_PLATES",240,0.39,12415
"553546","85132A","CHARLIE_+_LOLA_BISCUITS_TINS",24,1.95,12415
"553546","23253","16_PIECE_CUTLERY_SET_PANTRY_DESIGN",24,12.5,12415
"553546","23173","REGENCY_TEAPOT_ROSES",24,8.15,12415
"553546","22699","ROSES_REGENCY_TEACUP_AND_SAUCER",24,2.55,12415
"553546","22992","REVOLVER_WOODEN_RULER",144,1.65,12415
"553546","22991","GIRAFFE_WOODEN_RULER",144,1.65,12415
"553546","22466","FAIRY_TALE_COTTAGE_NIGHTLIGHT",192,1.65,12415
"553546","22549","PICTURE_DOMINOES",144,1.25,12415
"553546","21791","VINTAGE_HEADS_AND_TAILS_CARD_GAME",144,1.06,12415
"553546","21902","KEY_FOB_,_FRONT__DOOR",576,0.53,12415
"553546","21900","KEY_FOB_,_SHED",576,0.53,12415
"553546","21899","KEY_FOB_,_GARAGE_DESIGN",576,0.53,12415
"553546","20685","DOORMAT_RED_RETROSPOT",20,6.75,12415
"553546","21770","OPEN_CLOSED_METAL_SIGN",36,4.25,12415
"553546","15036","ASSORTED_COLOURS_SILK_FAN",600,0.72,12415
"553546","23298","SPOTTY_BUNTING",50,4.15,12415
"553546","47566","PARTY_BUNTING",100,4.15,12415
"553546","47590A","BLUE_HAPPY_BIRTHDAY_BUNTING",50,4.65,12415
"553546","47590B","PINK_HAPPY_BIRTHDAY_BUNTING",50,4.65,12415
"553546","22980","PANTRY_SCRUBBING_BRUSH",48,1.45,12415
"553546","22978","PANTRY_ROLLING_PIN",24,3.39,12415
"553546","22981","PANTRY_APPLE_CORER",144,1.25,12415
"553546","22979","PANTRY_WASHING_UP_BRUSH",72,1.25,12415
"553546","23283","DOORMAT_VINTAGE_LEAVES_DESIGN",10,6.75,12415
"553546","21731","RED_TOADSTOOL_LED_NIGHT_LIGHT",144,1.45,12415
"553546","22918","HERB_MARKER_PARSLEY",120,0.55,12415
"553546","22919","HERB_MARKER_MINT",120,0.55,12415
"553546","22920","HERB_MARKER_BASIL",120,0.55,12415
"553546","22921","HERB_MARKER_CHIVES",120,0.55,12415
"553546","22916","HERB_MARKER_THYME",120,0.55,12415
"553546","22917","HERB_MARKER_ROSEMARY",120,0.55,12415
"553546","22692","DOORMAT_WELCOME_TO_OUR_HOME",10,6.75,12415
"553546","21891","TRADITIONAL_WOODEN_SKIPPING_ROPE",144,1.45,12415
"553546","23049","RECYCLED_ACAPULCO_MAT_RED",2,8.25,12415
"553546","23170","REGENCY_TEA_PLATE_ROSES",48,1.45,12415
"553546","22697","GREEN_REGENCY_TEACUP_AND_SAUCER",24,2.55,12415
"553546","85183B","CHARLIE_&_LOLA_WASTEPAPER_BIN_FLORA",24,1.25,12415
"553546","84519A","TOMATO_CHARLIE+LOLA_COASTER_SET",24,1.25,12415
"553546","22698","PINK_REGENCY_TEACUP_AND_SAUCER",24,2.55,12415
"553546","21876","POTTERING_MUG",24,1.25,12415
"553546","21892","TRADITIONAL_WOODEN_CATCH_CUP_GAME",144,1.06,12415
"553546","22620","4_TRADITIONAL_SPINNING_TOPS",320,1.25,12415
"553546","22619","SET_OF_6_SOLDIER_SKITTLES",80,3.39,12415
"553546","21888","BINGO_SET",144,3.39,12415
"553546","23171","REGENCY_TEA_PLATE_GREEN",48,1.45,12415
"553546","22925","BLUE_GIANT_GARDEN_THERMOMETER",36,4.95,12415
"553546","22928","YELLOW_GIANT_GARDEN_THERMOMETER",36,4.95,12415
"553546","22913","RED_COAT_RACK_PARIS_FASHION",36,4.25,12415
"553546","22914","BLUE_COAT_RACK_PARIS_FASHION",36,4.25,12415
"553546","23299","FOOD_COVER_WITH_BEADS_SET_2",50,3.39,12415
"553546","22835","HOT_WATER_BOTTLE_I_AM_SO_POORLY",24,4.25,12415
"554037","22838","3_TIER_CAKE_TIN_RED_AND_CREAM",28,14.95,12415
"554037","84997C","CHILDRENS_CUTLERY_POLKADOT_BLUE",72,3.75,12415
"554037","22712","CARD_DOLLY_GIRL",216,0.36,12415
"554037","22619","SET_OF_6_SOLDIER_SKITTLES",80,0,12415
"554126","23109","LED_TEA_LIGHTS",6,2.89,12431
"554126","23284","DOORMAT_KEEP_CALM_AND_COME_IN",2,7.95,12431
"554126","23301","GARDENERS_KNEELING_PAD_KEEP_CALM",12,1.65,12431
"554126","21731","RED_TOADSTOOL_LED_NIGHT_LIGHT",84,1.65,12431
"554126","23079","TOADSTOOL_BEDSIDE_LIGHT",2,8.95,12431
"554126","84978","HANGING_HEART_JAR_T-LIGHT_HOLDER",12,1.25,12431
"554126","48138","DOORMAT_UNION_FLAG",10,6.75,12431
"554126","84945","MULTI_COLOUR_SILVER_T-LIGHT_HOLDER",24,0.85,12431
"554126","22413","METAL_SIGN_TAKE_IT_OR_LEAVE_IT",6,2.95,12431
"554126","22692","DOORMAT_WELCOME_TO_OUR_HOME",2,7.95,12431
"554126","22382","LUNCH_BAG_SPACEBOY_DESIGN",10,1.65,12431
"554126","22617","BAKING_SET_SPACEBOY_DESIGN",3,4.95,12431
"554126","85014A","BLACK/BLUE_POLKADOT_UMBRELLA",3,5.95,12431
"554126","35004G","SET_OF_3_GOLD_FLYING_DUCKS",4,6.35,12431
"554126","79191C","RETRO_PLASTIC_ELEPHANT_TRAY",12,0.85,12431
"554126","15056BL","EDWARDIAN_PARASOL_BLACK",3,5.95,12431
"554126","22492","MINI_PAINT_SET_VINTAGE",36,0.65,12431
"C555046","22859","EASTER_TIN_BUNNY_BOUQUET",-6,1.65,12431
"C555288","84945","MULTI_COLOUR_SILVER_T-LIGHT_HOLDER",-6,0.85,12431
"C555288","23079","TOADSTOOL_BEDSIDE_LIGHT",-2,8.95,12431
"556917","21992","VINTAGE_PAISLEY_STATIONERY_SET",12,1.25,12415
"556917","21993","FLORAL_FOLK_STATIONERY_SET",60,1.25,12415
"556917","21933","PINK_VINTAGE_PAISLEY_PICNIC_BAG",100,1.65,12415
"556917","21990","MODERN_FLORAL_STATIONERY_SET",72,1.25,12415
"556917","84944","SET_OF_6_KASHMIR_FOLKART_BAUBLES",60,1.65,12415
"556917","21929","JUMBO_BAG_PINK_VINTAGE_PAISLEY",100,1.79,12415
"556917","23166","MEDIUM_CERAMIC_TOP_STORAGE_JAR",96,1.04,12415
"556917","23167","SMALL_CERAMIC_TOP_STORAGE_JAR",96,0.69,12415
"556917","23165","LARGE_CERAMIC_TOP_STORAGE_JAR",96,1.45,12415
"556917","23172","REGENCY_TEA_PLATE_PINK",96,1.45,12415
"556917","23170","REGENCY_TEA_PLATE_ROSES",96,1.45,12415
"556917","23171","REGENCY_TEA_PLATE_GREEN",96,1.45,12415
"556917","23173","REGENCY_TEAPOT_ROSES",60,8.15,12415
"556917","23174","REGENCY_SUGAR_BOWL_GREEN",48,3.75,12415
"556917","23190","BUNDLE_OF_3_SCHOOL_EXERCISE_BOOKS",144,1.45,12415
"556917","23192","BUNDLE_OF_3_ALPHABET_EXERCISE_BOOKS",144,1.45,12415
"556917","23238","SET_OF_4_KNICK_KNACK_TINS_LONDON",96,3.75,12415
"556917","23240","SET_OF_4_KNICK_KNACK_TINS_DOILEY",192,3.75,12415
"556917","23243","SET_OF_TEA_COFFEE_SUGAR_TINS_PANTRY",240,4.15,12415
"556917","23300","GARDENERS_KNEELING_PAD_CUP_OF_TEA",24,1.65,12415
"556917","23301","GARDENERS_KNEELING_PAD_KEEP_CALM",24,1.65,12415
"556917","23306","SET_OF_36_DOILIES_PANTRY_DESIGN",144,1.25,12415
"556917","23307","SET_OF_60_PANTRY_DESIGN_CAKE_CASES",240,0.42,12415
"556917","23308","SET_OF_60_VINTAGE_LEAF_CAKE_CASES",120,0.42,12415
"556917","23309","SET_OF_60_I_LOVE_LONDON_CAKE_CASES",120,0.42,12415
"556917","23239","SET_OF_4_KNICK_KNACK_TINS_POPPIES",96,3.75,12415
"556917","23236","DOILEY_STORAGE_TIN",144,2.49,12415
"556917","23241","TREASURE_TIN_GYMKHANA_DESIGN",144,1.85,12415
"556917","23242","TREASURE_TIN_BUFFALO_BILL",144,1.85,12415
"556917","23237","SET_OF_4_KNICK_KNACK_TINS_LEAVES",48,3.75,12415
"556917","23235","STORAGE_TIN_VINTAGE_LEAF",96,2.49,12415
"556917","23244","ROUND_STORAGE_TIN_VINTAGE_LEAF",96,1.65,12415
"556917","23245","SET_OF_3_REGENCY_CAKE_TINS",240,4.15,12415
"556917","21976","PACK_OF_60_MUSHROOM_CAKE_CASES",240,0.42,12415
"556917","21974","SET_OF_36_PAISLEY_FLOWER_DOILIES",144,1.25,12415
"556917","23291","DOLLY_GIRL_CHILDRENS_CUP",96,1.05,12415
"556917","23292","SPACE_BOY_CHILDRENS_CUP",96,1.05,12415
"556917","23154","SET_OF_4_JAM_JAR_MAGNETS",120,1.85,12415
"556917","23159","SET_OF_5_PANCAKE_DAY_MAGNETS",120,1.85,12415
"556917","23084","RABBIT_NIGHT_LIGHT",240,1.79,12415
"556917","23108","SET_OF_10_LED_DOLLY_LIGHTS",48,5.39,12415
"556917","22147","FELTCRAFT_BUTTERFLY_HEARTS",120,1.25,12415
"556917","20840","FRENCH_FLORAL_CUSHION_COVER",24,0.85,12415
"556917","20837","FRENCH_FLORAL_CUSHION_COVER",12,0.83,12415
"556917","20984","12_PENCILS_TALL_TUBE_POSY",240,0.29,12415
"556917","21936","RED_RETROSPOT_PICNIC_BAG",50,2.55,12415
"556917","22150","3_STRIPEY_MICE_FELTCRAFT",120,1.65,12415
"556917","20725","LUNCH_BAG_RED_RETROSPOT",100,1.45,12415
"556917","21537","RED_RETROSPOT_PUDDING_BOWL",64,3.75,12415
"556917","21531","RED_RETROSPOT_SUGAR_JAM_BOWL",48,2.1,12415
"556917","21539","RED_RETROSPOT_BUTTER_DISH",3,4.95,12415
"556917","21843","RED_RETROSPOT_CAKE_STAND",24,9.95,12415
"556917","22070","SMALL_RED_RETROSPOT_MUG_IN_BOX",36,3.39,12415
"556917","22138","BAKING_SET_9_PIECE_RETROSPOT",48,4.25,12415
"556917","22348","TEA_BAG_PLATE_RED_RETROSPOT",144,0.72,12415
"556917","23254","CHILDRENS_CUTLERY_DOLLY_GIRL",144,3.75,12415
"556917","22418","10_COLOUR_SPACEBOY_PEN",48,0.85,12415
"556917","23256","CHILDRENS_CUTLERY_SPACEBOY",72,3.75,12415
"556917","22973","CHILDREN'S_CIRCUS_PARADE_MUG",48,1.45,12415
"556917","23255","CHILDRENS_CUTLERY_CIRCUS_PARADE",72,3.75,12415
"556917","22911","PAPER_CHAIN_KIT_LONDON",40,2.55,12415
"556917","23009","I_LOVE_LONDON_BABY_GIFT_SET",12,14.95,12415
"556917","22970","LONDON_BUS_COFFEE_MUG",72,2.1,12415
"556917","22908","PACK_OF_20_NAPKINS_RED_APPLES",96,0.72,12415
"556917","23206","LUNCH_BAG_APPLE_DESIGN",100,1.45,12415
"556917","21878","PACK_OF_6_SANDCASTLE_FLAGS_ASSORTED",60,0.85,12415
"556917","84509A","SET_OF_4_ENGLISH_ROSE_PLACEMATS",72,2.95,12415
"556917","84510A","SET_OF_4_ENGLISH_ROSE_COASTERS",100,1.06,12415
"556917","21213","PACK_OF_72_SKULL_CAKE_CASES",120,0.42,12415
"556917","21207","SKULL_AND_CROSSBONES__GARLAND",48,1.45,12415
"556917","21987","PACK_OF_6_SKULL_PAPER_CUPS",120,0.65,12415
"556917","21988","PACK_OF_6_SKULL_PAPER_PLATES",96,0.64,12415
"556917","21989","PACK_OF_20_SKULL_PAPER_NAPKINS",96,0.72,12415
"556917","22085","PAPER_CHAIN_KIT_SKULLS",40,2.55,12415
"556917","22332","SKULLS_PARTY_BAG_+_STICKER_SET",96,1.45,12415
"556917","85099B","JUMBO_BAG_RED_RETROSPOT",100,1.79,12415
"556917","23203","JUMBO_BAG_DOILEY_PATTERNS",100,1.79,12415
"556917","23201","JUMBO_BAG_ALPHABET",100,1.79,12415
"556917","23209","LUNCH_BAG_DOILEY_PATTERN",100,1.45,12415
"556917","23207","LUNCH_BAG_ALPHABET_DESIGN",100,1.45,12415
"556917","21917","SET_12_KIDS__WHITE_CHALK_STICKS",144,0.42,12415
"556917","21918","SET_12_KIDS_COLOUR__CHALK_STICKS",288,0.42,12415
"556917","22492","MINI_PAINT_SET_VINTAGE",576,0.55,12415
"556917","20979","36_PENCILS_TUBE_RED_RETROSPOT",128,1.06,12415
"556917","22712","CARD_DOLLY_GIRL",144,0.36,12415
"556917","22630","DOLLY_GIRL_LUNCH_BOX",128,1.65,12415
"556917","22423","REGENCY_CAKESTAND_3_TIER",32,10.95,12415
"556917","22699","ROSES_REGENCY_TEACUP_AND_SAUCER",24,2.55,12415
"556917","84997D","CHILDRENS_CUTLERY_POLKADOT_PINK",72,3.75,12415
"556917","21210","SET_OF_72_RETROSPOT_PAPER__DOILIES",192,1.25,12415
"556917","21080","SET/20_RED_RETROSPOT_PAPER_NAPKINS",96,0.72,12415
"556917","22333","RETROSPOT_PARTY_BAG_+_STICKER_SET",96,1.45,12415
"556917","21121","SET/10_RED_POLKADOT_PARTY_CANDLES",288,1.06,12415
"556917","21212","PACK_OF_72_RETROSPOT_CAKE_CASES",240,0.42,12415
"556917","22960","JAM_MAKING_SET_WITH_JARS",36,3.75,12415
"556917","22969","HOMEMADE_JAM_SCENTED_CANDLES",96,1.25,12415
"556917","22720","SET_OF_3_CAKE_TINS_PANTRY_DESIGN",96,4.25,12415
"556917","22993","SET_OF_4_PANTRY_JELLY_MOULDS",72,1.06,12415
"556917","22710","WRAP_I_LOVE_LONDON",200,0.34,12415
"556917","22659","LUNCH_BOX_I_LOVE_LONDON",128,1.65,12415
"556917","22083","PAPER_CHAIN_KIT_RETROSPOT",40,2.55,12415
"556917","22090","PAPER_BUNTING_RETROSPOT",40,2.55,12415
"556917","21508","VINTAGE_KID_DOLLY_CARD",72,0.36,12415
"556917","22025","RING_OF_ROSES_BIRTHDAY_CARD",144,0.36,12415
"556917","22028","PENNY_FARTHING_BIRTHDAY_CARD",72,0.36,12415
"556917","22709","WRAP_WEDDING_DAY",200,0.34,12415
"556917","16161P","WRAP_ENGLISH_ROSE",400,0.34,12415
"556917","22050","PINK_PAISLEY_ROSE_GIFT_WRAP",200,0.34,12415
"556917","22704","WRAP_RED_APPLES",400,0.34,12415
"556917","21509","COWBOYS_AND_INDIANS_BIRTHDAY_CARD",72,0.36,12415
"556917","21977","PACK_OF_60_PINK_PAISLEY_CAKE_CASES",120,0.42,12415
"556917","23233","WRAP_POPPIES__DESIGN",200,0.34,12415
"556917","22631","CIRCUS_PARADE_LUNCH_BOX",64,1.65,12415
"556917","22417","PACK_OF_60_SPACEBOY_CAKE_CASES",120,0.42,12415
"556917","22613","PACK_OF_20_SPACEBOY_NAPKINS",96,0.72,12415
"556917","22629","SPACEBOY_LUNCH_BOX",64,1.65,12415
"556917","22543","MINI_JIGSAW_BAKE_A_CAKE",240,0.36,12415
"556917","22545","MINI_JIGSAW_BUNNIES",240,0.36,12415
"556917","22546","MINI_JIGSAW_PURDEY",24,0.42,12415
"556917","21915","RED__HARMONICA_IN_BOX",240,1.06,12415
"556917","22273","FELTCRAFT_DOLL_MOLLY",48,2.55,12415
"556917","22274","FELTCRAFT_DOLL_EMILY",48,2.55,12415
"556917","22271","FELTCRAFT_DOLL_ROSIE",48,2.55,12415
"556917","22749","FELTCRAFT_PRINCESS_CHARLOTTE_DOLL",48,3.39,12415
"556917","22750","FELTCRAFT_PRINCESS_LOLA_DOLL",48,3.39,12415
"556917","22751","FELTCRAFT_PRINCESS_OLIVIA_DOLL",48,3.39,12415
"556917","21249","WOODLAND__HEIGHT_CHART_STICKERS",30,2.55,12415
"556917","22331","WOODLAND_PARTY_BAG_+_STICKER_SET",48,1.45,12415
"556917","22326","ROUND_SNACK_BOXES_SET_OF4_WOODLAND",96,2.55,12415
"556917","22554","PLASTERS_IN_TIN_WOODLAND_ANIMALS",96,1.45,12415
"556917","22139","RETROSPOT_TEA_SET_CERAMIC_11_PC",96,4.25,12415
"556917","23229","VINTAGE_DONKEY_TAIL_GAME",144,3.39,12415
"556917","79191C","RETRO_PLASTIC_ELEPHANT_TRAY",144,0.63,12415
"556917","22360","GLASS_JAR_ENGLISH_CONFECTIONERY",96,2.55,12415
"556917","22364","GLASS_JAR_DIGESTIVE_BISCUITS",24,2.55,12415
"556917","22363","GLASS_JAR_MARMALADE",24,2.55,12415
"556917","21115","ROSE_CARAVAN_DOORSTOP",16,5.95,12415
"556917","22308","TEA_COSY_BLUE_STRIPE",50,2.1,12415
"556918","21137","BLACK_RECORD_COVER_FRAME",192,3.39,12415
"558536","22583","PACK_OF_6_HANDBAG_GIFT_BOXES",30,2.55,12424
"558536","22584","PACK_OF_6_PANNETONE_GIFT_BOXES",36,2.55,12424
"558536","22812","PACK_3_BOXES_CHRISTMAS_PANNETONE",48,1.95,12424
"558536","22813","PACK_3_BOXES_BIRD_PANNETONE",36,1.95,12424
"558536","22222","CAKE_PLATE_LOVEBIRD_WHITE",72,4.25,12424
"558536","22333","RETROSPOT_PARTY_BAG_+_STICKER_SET",24,1.65,12424
"558536","22429","ENAMEL_MEASURING_JUG_CREAM",12,4.25,12424
"558536","22737","RIBBON_REEL_CHRISTMAS_PRESENT",10,1.65,12424
"558536","22739","RIBBON_REEL_CHRISTMAS_SOCK_BAUBLE",10,1.65,12424
"558536","22736","RIBBON_REEL_MAKING_SNOWMEN",10,1.65,12424
"558536","23102","SILVER_HEARTS_TABLE_DECORATION",12,0.83,12424
"558536","23100","SILVER_BELLS_TABLE_DECORATION",12,1.25,12424
"558536","23101","SILVER_STARS_TABLE_DECORATION",12,0.83,12424
"558536","85152","HAND_OVER_THE_CHOCOLATE___SIGN",12,2.1,12424
"558536","21791","VINTAGE_HEADS_AND_TAILS_CARD_GAME",12,1.25,12424
"558536","22668","PINK_BABY_BUNTING",40,2.95,12424
"558536","23298","SPOTTY_BUNTING",24,4.95,12424
"558536","47566","PARTY_BUNTING",24,4.95,12424
"558536","22669","RED_BABY_BUNTING",30,2.95,12424
"558536","22089","PAPER_BUNTING_VINTAGE_PAISLEY",24,2.95,12424
"558536","22090","PAPER_BUNTING_RETROSPOT",24,2.95,12424
"558536","23032","DRAWER_KNOB_CRACKLE_GLAZE_IVORY",6,1.65,12424
"558536","23034","DRAWER_KNOB_CERAMIC_BLACK",12,1.45,12424
"558537","84380","SET_OF_3_BUTTERFLY_COOKIE_CUTTERS",144,1.06,12424
"558537","84378","SET_OF_3_HEART_COOKIE_CUTTERS",48,1.25,12424
"558537","22138","BAKING_SET_9_PIECE_RETROSPOT",3,4.95,12424
"558537","22617","BAKING_SET_SPACEBOY_DESIGN",3,4.95,12424
"558537","22139","RETROSPOT_TEA_SET_CERAMIC_11_PC",3,4.95,12424
"558537","22119","PEACE_WOODEN_BLOCK_LETTERS",3,6.95,12424
"558537","23129","HEART_SHAPED_HOLLY_WREATH",4,4.15,12424
"559919","23120","PACK_OF_6_SMALL_FRUIT_STRAWS",288,0.36,12415
"559919","22400","MAGNETS_PACK_OF_4_HOME_SWEET_HOME",84,0.39,12415
"559919","22402","MAGNETS_PACK_OF_4_VINTAGE_COLLAGE",84,0.39,12415
"559919","22403","MAGNETS_PACK_OF_4_VINTAGE_LABELS",84,0.39,12415
"559919","21179","NO_JUNK_MAIL_METAL_SIGN",48,0.39,12415
"559919","22093","MOTORING_TISSUE_BOX",72,0.39,12415
"559919","23187","FRENCH_STYLE_STORAGE_JAR_BONBONS",48,0.29,12415
"559919","22139","RETROSPOT_TEA_SET_CERAMIC_11_PC",48,4.25,12415
"559919","23231","WRAP_DOILEY_DESIGN",200,0.34,12415
"559919","23119","PACK_OF_6_LARGE_FRUIT_STRAWS",144,0.53,12415
"559919","23121","PACK_OF_6_COCKTAIL_PARASOL_STRAWS",288,0.36,12415
"559919","23122","PARTY_CHARMS_50_PIECES",144,0.72,12415
"559919","21503","TOYBOX__WRAP",200,0.34,12415
"559919","22045","SPACEBOY_GIFT_WRAP",200,0.34,12415
"559919","22706","WRAP_COWBOYS",200,0.34,12415
"559919","23230","WRAP_ALPHABET_DESIGN",200,0.34,12415
"559919","23232","WRAP_VINTAGE_LEAF_DESIGN",200,0.34,12415
"559919","23293","SET_OF_12_FAIRY_CAKE_BAKING_CASES",384,0.72,12415
"559919","23294","SET_OF_6_SNACK_LOAF_BAKING_CASES",384,0.72,12415
"559919","23295","SET_OF_12_MINI_LOAF_BAKING_CASES",384,0.72,12415
"559919","23296","SET_OF_6_TEA_TIME_BAKING_CASES",384,1.04,12415
"559919","23297","SET_40_HEART_SHAPE_PETIT_FOUR_CASES",240,1.45,12415
"559920","22698","PINK_REGENCY_TEACUP_AND_SAUCER",24,2.55,12415
"560033","22910","PAPER_CHAIN_KIT_VINTAGE_CHRISTMAS",6,2.95,12388
"560033","22338","STAR_DECORATION_PAINTED_ZINC",24,0.65,12388
"560033","22576","SWALLOW_WOODEN_CHRISTMAS_DECORATION",12,0.85,12388
"560033","22600","CHRISTMAS_RETROSPOT_STAR_WOOD",12,0.85,12388
"560033","22478","BIRDHOUSE_GARDEN_MARKER",10,1.25,12388
"560033","22496","SET_OF_2_ROUND_TINS_DUTCH_CHEESE",6,2.95,12388
"560033","22495","SET_OF_2_ROUND_TINS_CAMEMBERT",6,2.95,12388
"560033","22310","IVORY_KNITTED_MUG_COSY",24,1.65,12388
"560033","23019","SMALL_APOTHECARY_MEASURING_JAR",6,7.45,12388
"560033","23017","APOTHECARY_MEASURING_JAR",6,11.15,12388
"560033","23024","LARGE_BONNE_JAM_JAR__T-LIGHT_HOLDER",24,2.89,12388
"560033","23236","DOILEY_STORAGE_TIN",6,2.89,12388
"560033","23243","SET_OF_TEA_COFFEE_SUGAR_TINS_PANTRY",8,4.95,12388
"560033","23245","SET_OF_3_REGENCY_CAKE_TINS",8,4.95,12388
"560033","23252","VINTAGE_RED_ENAMEL_TRIM_JUG",8,3.75,12388
"560033","23249","VINTAGE_RED_ENAMEL_TRIM_PLATE",12,1.65,12388
"560033","23250","VINTAGE_RED_TRIM_ENAMEL_BOWL",12,1.25,12388
"560033","23318","BOX_OF_6_MINI_VINTAGE_CRACKERS",6,2.49,12388
"560033","23319","BOX_OF_6_MINI_50'S_CRACKERS",6,2.49,12388
"560033","22262","FELT_EGG_COSY_CHICKEN",24,0.85,12388
"560033","23298","SPOTTY_BUNTING",6,4.95,12388
"560033","47566","PARTY_BUNTING",8,4.95,12388
"560033","47590A","BLUE_HAPPY_BIRTHDAY_BUNTING",3,5.45,12388
"560033","47590B","PINK_HAPPY_BIRTHDAY_BUNTING",6,5.45,12388
"560033","71459","HANGING_JAM_JAR_T-LIGHT_HOLDER",12,0.85,12388
"560033","84970L","SINGLE_HEART_ZINC_T-LIGHT_HOLDER",12,0.95,12388
"560033","84978","HANGING_HEART_JAR_T-LIGHT_HOLDER",12,1.25,12388
"560033","22580","ADVENT_CALENDAR_GINGHAM_SACK",6,5.95,12388
"560033","22086","PAPER_CHAIN_KIT_50'S_CHRISTMAS",6,2.95,12388
"560033","23311","VINTAGE_CHRISTMAS_STOCKING",12,2.55,12388
"560033","23294","SET_OF_6_SNACK_LOAF_BAKING_CASES",24,0.83,12388
"560033","23293","SET_OF_12_FAIRY_CAKE_BAKING_CASES",24,0.83,12388
"560033","23295","SET_OF_12_MINI_LOAF_BAKING_CASES",24,0.83,12388
"560033","23297","SET_40_HEART_SHAPE_PETIT_FOUR_CASES",24,1.65,12388
"560033","23296","SET_OF_6_TEA_TIME_BAKING_CASES",24,1.25,12388
"560473","22699","ROSES_REGENCY_TEACUP_AND_SAUCER",6,2.95,12431
"560473","23170","REGENCY_TEA_PLATE_ROSES",12,1.65,12431
"560473","21481","FAWN_BLUE_HOT_WATER_BOTTLE",6,2.95,12431
"560473","21524","DOORMAT_SPOTTY_HOME_SWEET_HOME",2,7.95,12431
"560473","22727","ALARM_CLOCK_BAKELIKE_RED",4,3.75,12431
"560473","84978","HANGING_HEART_JAR_T-LIGHT_HOLDER",24,1.25,12431
"560473","22726","ALARM_CLOCK_BAKELIKE_GREEN",4,3.75,12431
"560473","22138","BAKING_SET_9_PIECE_RETROSPOT",3,4.95,12431
"560473","22617","BAKING_SET_SPACEBOY_DESIGN",3,4.95,12431
"560473","21507","ELEPHANT,_BIRTHDAY_CARD,",12,0.42,12431
"560473","22027","TEA_PARTY_BIRTHDAY_CARD",12,0.42,12431
"560473","22712","CARD_DOLLY_GIRL",12,0.42,12431
"560473","23083","SET_6_PAPER_TABLE_LANTERN_STARS",6,3.75,12431
"560473","23298","SPOTTY_BUNTING",6,4.95,12431
"560473","23175","REGENCY_MILK_JUG_PINK",4,3.25,12431
"560473","23174","REGENCY_SUGAR_BOWL_GREEN",4,4.15,12431
"560473","21745","GAOLERS_KEYS_DECORATIVE_GARDEN",4,3.75,12431
"560473","20685","DOORMAT_RED_RETROSPOT",6,7.95,12431
"560473","21706","FOLDING_UMBRELLA_RED/WHITE_POLKADOT",8,4.95,12431
"560473","21707","FOLDING_UMBRELLA_BLACKBLUE_POLKADOT",8,4.95,12431
"560473","48129","DOORMAT_TOPIARY",4,7.95,12431
"560473","22835","HOT_WATER_BOTTLE_I_AM_SO_POORLY",4,4.65,12431
"560473","20725","LUNCH_BAG_RED_RETROSPOT",20,1.65,12431
"560491","23293","SET_OF_12_FAIRY_CAKE_BAKING_CASES",2,0.83,12415
"560491","23232","WRAP_VINTAGE_LEAF_DESIGN",1,0.42,12415
"560491","21503","TOYBOX__WRAP",1,0.42,12415
"560491","22546","MINI_JIGSAW_PURDEY",1,0.42,12415
"560491","22545","MINI_JIGSAW_BUNNIES",1,0.42,12415
"560491","21918","SET_12_KIDS_COLOUR__CHALK_STICKS",1,0.42,12415
"560491","21917","SET_12_KIDS__WHITE_CHALK_STICKS",1,0.42,12415
"560491","21843","RED_RETROSPOT_CAKE_STAND",1,10.95,12415
"560491","20979","36_PENCILS_TUBE_RED_RETROSPOT",1,1.25,12415
"560491","23245","SET_OF_3_REGENCY_CAKE_TINS",1,4.95,12415
"560491","23307","SET_OF_60_PANTRY_DESIGN_CAKE_CASES",1,0.55,12415
"560491","23243","SET_OF_TEA_COFFEE_SUGAR_TINS_PANTRY",1,4.95,12415
"560491","21210","SET_OF_72_RETROSPOT_PAPER__DOILIES",1,1.45,12415
"560491","23240","SET_OF_4_KNICK_KNACK_TINS_DOILEY",1,4.15,12415
"560491","23229","VINTAGE_DONKEY_TAIL_GAME",1,3.75,12415
"560491","23254","CHILDRENS_CUTLERY_DOLLY_GIRL",1,4.15,12415
"560491","21974","SET_OF_36_PAISLEY_FLOWER_DOILIES",1,1.45,12415
"560491","23242","TREASURE_TIN_BUFFALO_BILL",1,2.08,12415
"560491","23241","TREASURE_TIN_GYMKHANA_DESIGN",1,2.08,12415
"560491","23236","DOILEY_STORAGE_TIN",1,2.89,12415
"560491","23306","SET_OF_36_DOILIES_PANTRY_DESIGN",1,1.45,12415
"560491","23192","BUNDLE_OF_3_ALPHABET_EXERCISE_BOOKS",1,1.65,12415
"560491","23190","BUNDLE_OF_3_SCHOOL_EXERCISE_BOOKS",1,1.65,12415
"560491","22150","3_STRIPEY_MICE_FELTCRAFT",1,1.95,12415
"560491","22147","FELTCRAFT_BUTTERFLY_HEARTS",1,1.45,12415
"560491","23159","SET_OF_5_PANCAKE_DAY_MAGNETS",1,2.08,12415
"560491","23154","SET_OF_4_JAM_JAR_MAGNETS",1,2.08,12415
"560491","23207","LUNCH_BAG_ALPHABET_DESIGN",1,1.65,12415
"560491","23209","LUNCH_BAG_DOILEY_PATTERN",1,1.65,12415
"560491","23201","JUMBO_BAG_ALPHABET",1,2.08,12415
"560491","23203","JUMBO_BAG_DOILEY_PATTERNS",1,2.08,12415
"560491","85099B","JUMBO_BAG_RED_RETROSPOT",1,2.08,12415
"560491","23206","LUNCH_BAG_APPLE_DESIGN",1,1.65,12415
"560491","20725","LUNCH_BAG_RED_RETROSPOT",1,1.65,12415
"560491","21929","JUMBO_BAG_PINK_VINTAGE_PAISLEY",1,2.08,12415
"560491","21933","PINK_VINTAGE_PAISLEY_PICNIC_BAG",1,1.65,12415
"560491","22720","SET_OF_3_CAKE_TINS_PANTRY_DESIGN",1,4.95,12415
"560491","23292","SPACEBOY_CHILDRENS_CUP",1,1.25,12415
"560491","23291","DOLLY_GIRL_CHILDRENS_CUP",1,1.25,12415
"560491","23244","ROUND_STORAGE_TIN_VINTAGE_LEAF",1,1.95,12415
"560491","23235","STORAGE_TIN_VINTAGE_LEAF",1,2.89,12415
"560491","23165","LARGE_CERAMIC_TOP_STORAGE_JAR",1,1.65,12415
"560491","23167","SMALL_CERAMIC_TOP_STORAGE_JAR",1,0.83,12415
"560491","23166","MEDIUM_CERAMIC_TOP_STORAGE_JAR",1,1.25,12415
"560491","23255","CHILDRENS_CUTLERY_CIRCUS_PARADE",1,4.15,12415
"560491","23256","CHILDRENS_CUTLERY_SPACEBOY",1,4.15,12415
"560491","21936","RED_RETROSPOT_PICNIC_BAG",1,2.95,12415
"560491","22973","CHILDREN'S_CIRCUS_PARADE_MUG",1,1.65,12415
"560491","22138","BAKING_SET_9_PIECE_RETROSPOT",1,4.95,12415
"560491","23108","SET_OF_10_LED_DOLLY_LIGHTS",1,6.25,12415
"560491","23237","SET_OF_4_KNICK_KNACK_TINS_LEAF",1,4.15,12415
"560491","23174","REGENCY_SUGAR_BOWL_GREEN",1,4.15,12415
"560491","22492","MINI_PAINT_SET_VINTAGE",36,0.65,12415
"560491","23297","SET_40_HEART_SHAPE_PETIT_FOUR_CASES",2,1.65,12415
"560491","23296","SET_OF_6_TEA_TIME_BAKING_CASES",2,1.25,12415
"560491","23295","SET_OF_12_MINI_LOAF_BAKING_CASES",2,0.83,12415
"560491","23294","SET_OF_6_SNACK_LOAF_BAKING_CASES",2,0.83,12415
"C560540","85099B","JUMBO_BAG_RED_RETROSPOT",-1,2.08,12415
"C560540","23307","SET_OF_60_PANTRY_DESIGN_CAKE_CASES",-1,0.55,12415
"C560540","23306","SET_OF_36_DOILIES_PANTRY_DESIGN",-1,1.45,12415
"C560540","23297","SET_40_HEART_SHAPE_PETIT_FOUR_CASES",-2,1.65,12415
"C560540","23296","SET_OF_6_TEA_TIME_BAKING_CASES",-2,1.25,12415
"C560540","23295","SET_OF_12_MINI_LOAF_BAKING_CASES",-2,0.83,12415
"C560540","23294","SET_OF_6_SNACK_LOAF_BAKING_CASES",-2,0.83,12415
"C560540","23293","SET_OF_12_FAIRY_CAKE_BAKING_CASES",-2,0.83,12415
"C560540","23291","DOLLY_GIRL_CHILDRENS_CUP",-1,1.25,12415
"C560540","23256","CHILDRENS_CUTLERY_SPACEBOY",-1,4.15,12415
"C560540","23255","CHILDRENS_CUTLERY_CIRCUS_PARADE",-1,4.15,12415
"C560540","23254","CHILDRENS_CUTLERY_DOLLY_GIRL",-1,4.15,12415
"C560540","23245","SET_OF_3_REGENCY_CAKE_TINS",-1,4.95,12415
"C560540","23244","ROUND_STORAGE_TIN_VINTAGE_LEAF",-1,1.95,12415
"C560540","23243","SET_OF_TEA_COFFEE_SUGAR_TINS_PANTRY",-1,4.95,12415
"C560540","23242","TREASURE_TIN_BUFFALO_BILL",-1,2.08,12415
"C560540","23241","TREASURE_TIN_GYMKHANA_DESIGN",-1,2.08,12415
"C560540","23240","SET_OF_4_KNICK_KNACK_TINS_DOILEY",-1,4.15,12415
"C560540","23237","SET_OF_4_KNICK_KNACK_TINS_LEAF",-1,4.15,12415
"C560540","23236","DOILEY_STORAGE_TIN",-1,2.89,12415
"C560540","23235","STORAGE_TIN_VINTAGE_LEAF",-1,2.89,12415
"C560540","23232","WRAP_VINTAGE_LEAF_DESIGN",-1,0.42,12415
"C560540","23229","VINTAGE_DONKEY_TAIL_GAME",-1,3.75,12415
"C560540","23209","LUNCH_BAG_DOILEY_PATTERN",-1,1.65,12415
"C560540","23207","LUNCH_BAG_ALPHABET_DESIGN",-1,1.65,12415
"C560540","23206","LUNCH_BAG_APPLE_DESIGN",-1,1.65,12415
"C560540","23203","JUMBO_BAG_DOILEY_PATTERNS",-1,2.08,12415
"C560540","23201","JUMBO_BAG_ALPHABET",-1,2.08,12415
"C560540","23192","BUNDLE_OF_3_ALPHABET_EXERCISE_BOOKS",-1,1.65,12415
"C560540","23190","BUNDLE_OF_3_SCHOOL_EXERCISE_BOOKS",-1,1.65,12415
"C560540","23174","REGENCY_SUGAR_BOWL_GREEN",-1,4.15,12415
"C560540","23167","SMALL_CERAMIC_TOP_STORAGE_JAR",-1,0.83,12415
"C560540","23166","MEDIUM_CERAMIC_TOP_STORAGE_JAR",-1,1.25,12415
"C560540","23165","LARGE_CERAMIC_TOP_STORAGE_JAR",-1,1.65,12415
"C560540","23159","SET_OF_5_PANCAKE_DAY_MAGNETS",-1,2.08,12415
"C560540","23154","SET_OF_4_JAM_JAR_MAGNETS",-1,2.08,12415
"C560540","23108","SET_OF_10_LED_DOLLY_LIGHTS",-1,6.25,12415
"C560540","22973","CHILDREN'S_CIRCUS_PARADE_MUG",-1,1.65,12415
"C560540","22720","SET_OF_3_CAKE_TINS_PANTRY_DESIGN",-1,4.95,12415
"C560540","22546","MINI_JIGSAW_PURDEY",-1,0.42,12415
"C560540","22545","MINI_JIGSAW_BUNNIES",-1,0.42,12415
"C560540","22492","MINI_PAINT_SET_VINTAGE",-36,0.65,12415
"C560540","22150","3_STRIPEY_MICE_FELTCRAFT",-1,1.95,12415
"C560540","22147","FELTCRAFT_BUTTERFLY_HEARTS",-1,1.45,12415
"C560540","22138","BAKING_SET_9_PIECE_RETROSPOT",-1,4.95,12415
"C560540","21974","SET_OF_36_PAISLEY_FLOWER_DOILIES",-1,1.45,12415
"C560540","21936","RED_RETROSPOT_PICNIC_BAG",-1,2.95,12415
"C560540","21933","PINK_VINTAGE_PAISLEY_PICNIC_BAG",-1,1.65,12415
"C560540","21929","JUMBO_BAG_PINK_VINTAGE_PAISLEY",-1,2.08,12415
"C560540","21917","SET_12_KIDS__WHITE_CHALK_STICKS",-1,0.42,12415
"C560540","21843","RED_RETROSPOT_CAKE_STAND",-1,10.95,12415
"C560540","21503","TOYBOX__WRAP",-1,0.42,12415
"C560540","21210","SET_OF_72_RETROSPOT_PAPER__DOILIES",-1,1.45,12415
"C560540","20979","36_PENCILS_TUBE_RED_RETROSPOT",-1,1.25,12415
"C560540","20725","LUNCH_BAG_RED_RETROSPOT",-1,1.65,12415
"C560540","23292","SPACEBOY_CHILDRENS_CUP",-1,1.25,12415
"C560540","21918","SET_12_KIDS_COLOUR__CHALK_STICKS",-1,0.42,12415
"561040","22726","ALARM_CLOCK_BAKELIKE_GREEN",4,3.75,12431
"561040","22727","ALARM_CLOCK_BAKELIKE_RED",4,3.75,12431
"561040","22138","BAKING_SET_9_PIECE_RETROSPOT",6,4.95,12431
"561040","22617","BAKING_SET_SPACEBOY_DESIGN",6,4.95,12431
"561040","22729","ALARM_CLOCK_BAKELIKE_ORANGE",4,3.75,12431
"561040","22698","PINK_REGENCY_TEACUP_AND_SAUCER",6,2.95,12431
"561040","22730","ALARM_CLOCK_BAKELIKE_IVORY",4,3.75,12431
"561040","23284","DOORMAT_KEEP_CALM_AND_COME_IN",10,6.75,12431
"561040","21731","RED_TOADSTOOL_LED_NIGHT_LIGHT",24,1.65,12431
"561040","35637A","IVORY_STRING_CURTAIN_WITH_POLE",6,1.95,12431
"561040","23300","GARDENERS_KNEELING_PAD_CUP_OF_TEA",12,1.65,12431
"561040","23301","GARDENERS_KNEELING_PAD_KEEP_CALM",24,1.65,12431
"561040","85114B","IVORY_ENCHANTED_FOREST_PLACEMAT",6,1.65,12431
"561040","85114C","RED_ENCHANTED_FOREST_PLACEMAT",6,1.65,12431
"561040","84988","SET_OF_72_PINK_HEART_PAPER_DOILIES",12,1.45,12431
"561040","23306","SET_OF_36_DOILIES_PANTRY_DESIGN",12,1.45,12431
"561040","21931","JUMBO_STORAGE_BAG_SUKI",10,2.08,12431
"561040","23202","JUMBO_BAG_VINTAGE_LEAF",10,2.08,12431
"561040","35004B","SET_OF_3_BLACK_FLYING_DUCKS",12,4.65,12431
"561040","84978","HANGING_HEART_JAR_T-LIGHT_HOLDER",36,1.06,12431
"C561227","84978","HANGING_HEART_JAR_T-LIGHT_HOLDER",-36,1.06,12431
"561228","21731","RED_TOADSTOOL_LED_NIGHT_LIGHT",72,1.65,12431
"563179","23268","SET_OF_2_CERAMIC_CHRISTMAS_REINDEER",12,1.45,12431
"563179","23344","JUMBO_BAG_50'S_CHRISTMAS",10,2.08,12431
"563179","21164","HOME_SWEET_HOME_METAL_SIGN",6,2.95,12431
"563179","21731","RED_TOADSTOOL_LED_NIGHT_LIGHT",288,1.45,12431
"563179","23158","SET_OF_5_LUCKY_CAT_MAGNETS",12,2.08,12431
"563179","22090","PAPER_BUNTING_RETROSPOT",12,2.95,12431
"563179","20725","LUNCH_BAG_RED_RETROSPOT",10,1.65,12431
"563179","22383","LUNCH_BAG_SUKI_DESIGN",10,1.65,12431
"563179","35004G","SET_OF_3_GOLD_FLYING_DUCKS",4,6.35,12431
"563179","20726","LUNCH_BAG_WOODLAND",10,1.65,12431
"563614","22946","WOODEN_ADVENT_CALENDAR_CREAM",60,12.75,12415
"563614","22959","WRAP_CHRISTMAS_VILLAGE",200,0.34,12415
"563614","23285","PINK_VINTAGE_SPOT_BEAKER",96,0.72,12415
"563614","23288","GREEN_VINTAGE_SPOT_BEAKER",96,0.72,12415
"563614","23286","BLUE_VINTAGE_SPOT_BEAKER",96,0.72,12415
"563614","23287","RED_VINTAGE_SPOT_BEAKER",96,0.72,12415
"563614","23340","VINTAGE_CHRISTMAS_CAKE_FRILL",240,1.45,12415
"563614","23343","JUMBO_BAG_VINTAGE_CHRISTMAS",200,1.79,12415
"563614","23346","SPACEBOY_BEAKER",200,1.08,12415
"563614","23347","I_LOVE_LONDON_BEAKER",96,1.25,12415
"563614","23360","SET_8_CANDLES_VINTAGE_DOILY",144,1.65,12415
"563614","23345","DOLLY_GIRL_BEAKER",200,1.08,12415
"563614","23353","6_GIFT_TAGS_VINTAGE_CHRISTMAS",216,0.72,12415
"563614","22807","SET_OF_6_T-LIGHTS_TOADSTOOLS",36,2.55,12415
"563614","22687","DOORMAT_CHRISTMAS_VILLAGE",20,6.75,12415
"563614","22940","FELTCRAFT_CHRISTMAS_FAIRY",336,3.75,12415
"563614","22734","SET_OF_6_RIBBONS_VINTAGE_CHRISTMAS",72,2.49,12415
"563614","23328","SET_6_SCHOOL_MILK_BOTTLES_IN_CRATE",240,3.39,12415
"563614","23326","HANGING_MINI_COLOURED_BOTTLES",192,0.55,12415
"563614","23327","HANGING_CLEAR_MINI_BOTTLE",48,0.63,12415
"563614","23189","SET_OF_12_FORK_CANDLES",96,2.49,12415
"563614","23436","VINTAGE_CHRISTMAS_GIFT_BAG_LARGE",120,1.04,12415
"563614","22492","MINI_PAINT_SET_VINTAGE",576,0.55,12415
"563614","23201","JUMBO_BAG_ALPHABET",100,1.79,12415
"563614","21929","JUMBO_BAG_PINK_VINTAGE_PAISLEY",100,1.79,12415
"563614","23203","JUMBO_BAG_VINTAGE_DOILY",100,1.79,12415
"563614","23202","JUMBO_BAG_VINTAGE_LEAF",100,1.79,12415
"563614","85099B","JUMBO_BAG_RED_RETROSPOT",100,1.79,12415
"563614","22382","LUNCH_BAG_SPACEBOY_DESIGN",100,1.45,12415
"563614","22662","LUNCH_BAG_DOLLY_GIRL_DESIGN",100,1.45,12415
"563614","23207","LUNCH_BAG_ALPHABET_DESIGN",200,1.45,12415
"563614","23209","LUNCH_BAG_VINTAGE_DOILY",200,1.45,12415
"563614","23208","LUNCH_BAG_VINTAGE_LEAF_DESIGN",100,1.45,12415
"563614","20726","LUNCH_BAG_WOODLAND",100,1.45,12415
"563614","23241","TREASURE_TIN_GYMKHANA_DESIGN",144,1.85,12415
"563614","23242","TREASURE_TIN_BUFFALO_BILL",96,1.85,12415
"563614","22630","DOLLY_GIRL_LUNCH_BOX",256,1.65,12415
"563614","22629","SPACEBOY_LUNCH_BOX",256,1.65,12415
"563614","22138","BAKING_SET_9_PIECE_RETROSPOT",48,4.25,12415
"563614","22617","BAKING_SET_SPACEBOY_DESIGN",48,4.25,12415
"563614","23240","SET_OF_4_KNICK_KNACK_TINS_DOILY",96,3.75,12415
"563614","23237","SET_OF_4_KNICK_KNACK_TINS_LEAF",96,3.75,12415
"563614","23244","ROUND_STORAGE_TIN_VINTAGE_LEAF",48,1.65,12415
"563614","22423","REGENCY_CAKESTAND_3_TIER",32,10.95,12415
"563614","22697","GREEN_REGENCY_TEACUP_AND_SAUCER",48,2.55,12415
"563614","22698","PINK_REGENCY_TEACUP_AND_SAUCER",48,2.55,12415
"563614","22699","ROSES_REGENCY_TEACUP_AND_SAUCER",48,2.55,12415
"563614","23174","REGENCY_SUGAR_BOWL_GREEN",24,3.75,12415
"563614","23298","SPOTTY_BUNTING",100,4.15,12415
"563614","47566","PARTY_BUNTING",100,4.15,12415
"563614","21843","RED_RETROSPOT_CAKE_STAND",24,9.95,12415
"563614","20979","36_PENCILS_TUBE_RED_RETROSPOT",128,1.06,12415
"563614","22720","SET_OF_3_CAKE_TINS_PANTRY_DESIGN",64,4.25,12415
"563614","22980","PANTRY_SCRUBBING_BRUSH",48,1.45,12415
"563614","22993","SET_OF_4_PANTRY_JELLY_MOULDS",72,1.06,12415
"563614","22979","PANTRY_WASHING_UP_BRUSH",72,1.25,12415
"563614","23165","LARGE_CERAMIC_TOP_STORAGE_JAR",144,1.45,12415
"563614","23166","MEDIUM_CERAMIC_TOP_STORAGE_JAR",96,1.04,12415
"563614","23167","SMALL_CERAMIC_TOP_STORAGE_JAR",48,0.83,12415
"563614","21731","RED_TOADSTOOL_LED_NIGHT_LIGHT",432,1.45,12415
"563614","22557","PLASTERS_IN_TIN_VINTAGE_PAISLEY",96,1.45,12415
"563614","22551","PLASTERS_IN_TIN_SPACEBOY",96,1.45,12415
"563614","22544","MINI_JIGSAW_SPACEBOY",240,0.36,12415
"563614","21915","RED__HARMONICA_IN_BOX",240,1.06,12415
"563614","21914","BLUE_HARMONICA_IN_BOX",240,1.06,12415
"563614","22273","FELTCRAFT_DOLL_MOLLY",48,2.55,12415
"563614","22749","FELTCRAFT_PRINCESS_CHARLOTTE_DOLL",48,3.39,12415
"563614","22619","SET_OF_6_SOLDIER_SKITTLES",160,3.39,12415
"563614","22139","RETROSPOT_TEA_SET_CERAMIC_11_PC",24,4.25,12415
"563614","23193","BUFFALO_BILL_TREASURE_BOOK_BOX",216,1.95,12415
"563614","23194","GYMKHANA_TREASURE_BOOK_BOX",216,2.25,12415
"563614","23176","ABC_TREASURE_BOOK_BOX",72,1.95,12415
"563614","23177","TREASURE_ISLAND_BOOK_BOX",216,1.95,12415
"563614","22147","FELTCRAFT_BUTTERFLY_HEARTS",80,1.25,12415
"563614","22150","3_STRIPEY_MICE_FELTCRAFT",80,1.65,12415
"563614","21715","GIRLS_VINTAGE_TIN_SEASIDE_BUCKET",32,2.1,12415
"563614","21716","BOYS_VINTAGE_TIN_SEASIDE_BUCKET",32,2.1,12415
"563614","21058","PARTY_INVITES_WOODLAND",48,0.85,12415
"563614","22326","ROUND_SNACK_BOXES_SET_OF4_WOODLAND",96,2.55,12415
"563614","23550","WRAP_ALPHABET_POSTER",200,0.34,12415
"563614","23545","WRAP_RED_VINTAGE_DOILY",200,0.34,12415
"563614","21197","MULTICOLOUR__CONFETTI_IN_TUBE",48,1.45,12415
"563614","21196","ROUND_WHITE_CONFETTI_IN_TUBE",24,1.65,12415
"563614","21198","WHITE_HEART_CONFETTI_IN_TUBE",24,1.65,12415
"563614","21199","PINK__HEART_CONFETTI_IN_TUBE",24,1.65,12415
"563614","23314","VINTAGE_CHRISTMAS_TABLECLOTH",100,10.39,12415
"563614","22736","RIBBON_REEL_MAKING_SNOWMEN",120,1.45,12415
"563614","23312","VINTAGE_CHRISTMAS_GIFT_SACK",100,3.75,12415
"563614","22735","RIBBON_REEL_SOCKS_AND_MITTENS",120,1.45,12415
"563614","22738","RIBBON_REEL_SNOWY_VILLAGE",120,1.45,12415
"563614","22739","RIBBON_REEL_CHRISTMAS_SOCK_BAUBLE",120,1.45,12415
"563614","22950","36_DOILIES_VINTAGE_CHRISTMAS",288,1.25,12415
"563614","22909","SET_OF_20_VINTAGE_CHRISTMAS_NAPKINS",288,0.72,12415
"563614","22952","60_CAKE_CASES_VINTAGE_CHRISTMAS",240,0.42,12415
"563614","22910","PAPER_CHAIN_KIT_VINTAGE_CHRISTMAS",80,2.55,12415
"563614","23234","BISCUIT_TIN_VINTAGE_CHRISTMAS",216,2.49,12415
"563614","21905","MORE_BUTTER_METAL_SIGN",12,0.79,12415
"565145","22751","FELTCRAFT_PRINCESS_OLIVIA_DOLL",240,3.39,12415
"565145","21915","RED__HARMONICA_IN_BOX",720,1.06,12415
"565145","22492","MINI_PAINT_SET_VINTAGE",1152,0.55,12415
"565145","23349","ROLL_WRAP_VINTAGE_CHRISTMAS",60,1.25,12415
"565145","23445","ICE_CREAM_BUBBLES",200,0.72,12415
"565145","22818","CARD_CHRISTMAS_VILLAGE",72,0.36,12415
"565145","23077","DOUGHNUT_LIP_GLOSS",200,1.04,12415
"565145","22621","TRADITIONAL_KNITTING_NANCY",48,1.45,12415
"565146","21891","TRADITIONAL_WOODEN_SKIPPING_ROPE",144,1.45,12415
"565466","23206","LUNCH_BAG_APPLE_DESIGN",10,1.65,12422
"565466","23208","LUNCH_BAG_VINTAGE_LEAF_DESIGN",10,1.65,12422
"565466","23209","LUNCH_BAG_VINTAGE_DOILY",10,1.65,12422
"565466","23344","JUMBO_BAG_50'S_CHRISTMAS",10,2.08,12422
"565466","23199","JUMBO_BAG_APPLES",10,2.08,12422
"565466","23200","JUMBO_BAG_PEARS",10,2.08,12422
"565466","23202","JUMBO_BAG_VINTAGE_LEAF",10,2.08,12422
"565466","23267","SET_OF_4_SANTA_PLACE_SETTINGS",12,1.25,12422
"567085","21993","FLORAL_FOLK_STATIONERY_SET",12,1.25,12434
"567085","23238","SET_OF_4_KNICK_KNACK_TINS_LONDON",6,4.15,12434
"567085","23240","SET_OF_4_KNICK_KNACK_TINS_DOILY",6,4.15,12434
"567085","23285","PINK_VINTAGE_SPOT_BEAKER",16,0.85,12434
"567085","23286","BLUE_VINTAGE_SPOT_BEAKER",16,0.85,12434
"567085","23287","RED_VINTAGE_SPOT_BEAKER",16,0.85,12434
"567085","22983","CARD_BILLBOARD_FONT",12,0.42,12434
"567085","22716","CARD_CIRCUS_PARADE",12,0.42,12434
"567085","22024","RAINY_LADIES_BIRTHDAY_CARD",12,0.42,12434
"567085","21086","SET/6_RED_SPOTTY_PAPER_CUPS",12,0.65,12434
"567085","21194","PINK__HONEYCOMB_PAPER_FAN",12,0.65,12434
"567085","21202","DOLLY_HONEYCOMB_GARLAND",12,1.65,12434
"567085","21204","DAISIES__HONEYCOMB_GARLAND",12,1.65,12434
"567085","23293","SET_OF_12_FAIRY_CAKE_BAKING_CASES",16,0.83,12434
"567085","23296","SET_OF_6_TEA_TIME_BAKING_CASES",8,1.25,12434
"567085","23294","SET_OF_6_SNACK_LOAF_BAKING_CASES",8,0.83,12434
"567085","23295","SET_OF_12_MINI_LOAF_BAKING_CASES",16,0.83,12434
"567085","23328","SET_6_SCHOOL_MILK_BOTTLES_IN_CRATE",12,3.75,12434
"567085","23395","BELLE_JARDINIERE_CUSHION_COVER",4,3.75,12434
"567085","20838","FRENCH_LATTICE_CUSHION_COVER",12,0.85,12434
"567085","21208","PASTEL_COLOUR_HONEYCOMB_FAN",12,0.39,12434
"567085","21990","MODERN_FLORAL_STATIONERY_SET",12,1.25,12434
"567085","22379","RECYCLING_BAG_RETROSPOT",5,2.1,12434
"567085","22381","TOY_TIDY_PINK_POLKADOT",5,2.1,12434
"567085","21922","UNION_STRIPE_WITH_FRINGE__HAMMOCK",2,7.95,12434
"567085","23236","STORAGE_TIN_VINTAGE_DOILY",6,2.89,12434
"567085","22786","CUSHION_COVER_PINK_UNION_JACK",4,5.95,12434
"567085","22128","PARTY_CONES_CANDY_ASSORTED",24,1.25,12434
"567085","23298","SPOTTY_BUNTING",3,4.95,12434
"567085","20749","ASSORTED_COLOUR_MINI_CASES",2,7.95,12434
"567085","20750","RED_RETROSPOT_MINI_CASES",2,7.95,12434
"567085","48138","DOORMAT_UNION_FLAG",2,8.25,12434
"567085","21623","VINTAGE_UNION_JACK_MEMOBOARD",2,9.95,12434
"567085","22505","MEMO_BOARD_COTTAGE_DESIGN",4,4.95,12434
"568145","23326","HANGING_MINI_COLOURED_BOTTLES",96,0.63,12388
"568145","23327","HANGING_CLEAR_MINI_BOTTLE",48,0.63,12388
"568145","23324","RUSTIC_STRAWBERRY_JAM_POT_LARGE",12,2.08,12388
"568145","23325","RUSTIC_STRAWBERRY_JAM_POT_SMALL",12,1.65,12388
"568145","23328","SET_6_SCHOOL_MILK_BOTTLES_IN_CRATE",24,3.39,12388
"568145","23433","HANGING_QUILTED_PATCHWORK_APPLES",24,0.83,12388
"568145","22669","RED_BABY_BUNTING",5,2.95,12388
"568145","47566","PARTY_BUNTING",12,4.95,12388
"568145","47590B","PINK_HAPPY_BIRTHDAY_BUNTING",3,5.45,12388
"568145","22720","SET_OF_3_CAKE_TINS_PANTRY_DESIGN",16,4.25,12388
"568145","23245","SET_OF_3_REGENCY_CAKE_TINS",8,4.95,12388
"568145","23024","LARGE_BONNE_JAM_JAR__T-LIGHT_HOLDER",6,2.89,12388
"568145","84970L","SINGLE_HEART_ZINC_T-LIGHT_HOLDER",36,1.25,12388
"568145","84970S","HANGING_HEART_ZINC_T-LIGHT_HOLDER",36,0.85,12388
"568145","84978","HANGING_HEART_JAR_T-LIGHT_HOLDER",24,1.25,12388
"568145","22478","BIRDHOUSE_GARDEN_MARKER",50,1.25,12388
"568145","22495","SET_OF_2_ROUND_TINS_CAMEMBERT",6,2.95,12388
"568145","22496","SET_OF_2_ROUND_TINS_DUTCH_CHEESE",6,2.95,12388
"568145","23236","STORAGE_TIN_VINTAGE_DOILY",18,2.89,12388
"568145","22086","PAPER_CHAIN_KIT_50'S_CHRISTMAS",12,2.95,12388
"568145","22910","PAPER_CHAIN_KIT_VINTAGE_CHRISTMAS",12,2.95,12388
"568145","22722","SET_OF_6_SPICE_TINS_PANTRY_DESIGN",12,3.95,12388
"568687","22090","PAPER_BUNTING_RETROSPOT",12,2.95,16321
"568687","21198","WHITE_HEART_CONFETTI_IN_TUBE",24,1.65,16321
"568695","22090","PAPER_BUNTING_RETROSPOT",12,2.95,16321
"568695","21198","WHITE_HEART_CONFETTI_IN_TUBE",24,1.65,16321
"C568694","22090","PAPER_BUNTING_RETROSPOT",-12,2.95,16321
"C568694","21198","WHITE_HEART_CONFETTI_IN_TUBE",-24,1.65,16321
"568708","22379","RECYCLING_BAG_RETROSPOT",10,2.1,12393
"568708","22619","SET_OF_6_SOLDIER_SKITTLES",8,3.75,12393
"568708","21915","RED__HARMONICA_IN_BOX",12,1.25,12393
"568708","21213","PACK_OF_72_SKULL_CAKE_CASES",24,0.55,12393
"568708","22331","WOODLAND_PARTY_BAG_+_STICKER_SET",16,1.65,12393
"568708","20726","LUNCH_BAG_WOODLAND",30,1.65,12393
"568708","21581","SKULLS__DESIGN__COTTON_TOTE_BAG",6,2.25,12393
"568708","21933","PINK_VINTAGE_PAISLEY_PICNIC_BAG",10,1.65,12393
"568708","21932","SCANDINAVIAN_PAISLEY_PICNIC_BAG",10,1.65,12393
"568708","20728","LUNCH_BAG_CARS_BLUE",20,1.65,12393
"568708","20725","LUNCH_BAG_RED_RETROSPOT",10,1.65,12393
"568708","22384","LUNCH_BAG_PINK_POLKADOT",10,1.65,12393
"568708","22620","4_TRADITIONAL_SPINNING_TOPS",12,1.45,12393
"568708","21976","PACK_OF_60_MUSHROOM_CAKE_CASES",24,0.55,12393
"568708","21058","PARTY_INVITES_WOODLAND",12,0.85,12393
"568708","22380","TOY_TIDY_SPACEBOY",10,2.1,12393
"568708","22466","FAIRY_TALE_COTTAGE_NIGHT_LIGHT",12,1.95,12393
"568708","21731","RED_TOADSTOOL_LED_NIGHT_LIGHT",12,1.65,12393
"568708","23388","WOODLAND_MINI_BACKPACK",8,4.15,12393
"568708","23389","SPACEBOY_MINI_BACKPACK",4,4.15,12393
"568708","22175","PINK_OWL_SOFT_TOY",6,2.95,12393
"568708","20971","PINK_BLUE_FELT_CRAFT_TRINKET_BOX",12,1.25,12393
"568708","23391","I_LOVE_LONDON_MINI_BACKPACK",4,4.15,12393
"568708","23390","DOLLY_GIRL_MINI_BACKPACK",4,4.15,12393
"568708","23389","SPACEBOY_MINI_BACKPACK",8,4.15,12393
"569647","22722","SET_OF_6_SPICE_TINS_PANTRY_DESIGN",240,3.45,12415
"569650","23392","SPACEBOY_ROCKET_LOLLY_MAKERS",96,1.79,12415
"569650","22722","SET_OF_6_SPICE_TINS_PANTRY_DESIGN",120,3.45,12415
"569650","23512","EMBROIDERED_RIBBON_REEL_ROSIE",144,1.79,12415
"569650","23513","EMBROIDERED_RIBBON_REEL_SUSIE",144,1.79,12415
"569650","23519","EMBROIDERED_RIBBON_REEL_CLAIRE",72,3.29,12415
"569650","23515","EMBROIDERED_RIBBON_REEL_DAISY",144,1.79,12415
"569650","23518","EMBROIDERED_RIBBON_REEL_RACHEL",96,2.49,12415
"569650","23516","EMBROIDERED_RIBBON_REEL_SOPHIE",72,3.29,12415
"569650","23502","PLAYING_CARDS_VINTAGE_DOILY",100,1.04,12415
"569650","23505","PLAYING_CARDS_I_LOVE_LONDON",100,1.04,12415
"569650","23507","MINI_PLAYING_CARDS_BUFFALO_BILL",250,0.36,12415
"569650","23510","MINI_PLAYING_CARDS_GYMKHANA",250,0.36,12415
"569650","22720","SET_OF_3_CAKE_TINS_PANTRY_DESIGN",32,4.25,12415
"569650","22969","HOMEMADE_JAM_SCENTED_CANDLES",192,1.25,12415
"569650","22978","PANTRY_ROLLING_PIN",48,3.39,12415
"569650","22907","PACK_OF_20_NAPKINS_PANTRY_DESIGN",96,0.72,12415
"569650","22726","ALARM_CLOCK_BAKELIKE_GREEN",50,3.39,12415
"569650","22728","ALARM_CLOCK_BAKELIKE_PINK",50,3.39,12415
"569650","22730","ALARM_CLOCK_BAKELIKE_IVORY",50,3.39,12415
"569650","22727","ALARM_CLOCK_BAKELIKE_RED",50,3.39,12415
"569650","22725","ALARM_CLOCK_BAKELIKE_CHOCOLATE",50,3.39,12415
"569650","22191","IVORY_DINER_WALL_CLOCK",12,7.65,12415
"569650","22193","RED_DINER_WALL_CLOCK",12,7.65,12415
"569650","23342","MINT_DINER_WALL_CLOCK",12,7.65,12415
"569650","22192","BLUE_DINER_WALL_CLOCK",12,7.65,12415
"569650","23341","PINK_DINER_WALL_CLOCK",12,7.65,12415
"569650","22892","SET_OF_SALT_AND_PEPPER_TOADSTOOLS",72,1.06,12415
"569650","23113","PANTRY_CHOPPING_BOARD",36,4.15,12415
"569650","23114","VINTAGE_LEAF_CHOPPING_BOARD",36,4.15,12415
"569650","23012","GLASS_APOTHECARY_BOTTLE_PERFUME",12,3.45,12415
"569650","23014","GLASS_APOTHECARY_BOTTLE_ELIXIR",12,3.45,12415
"569650","23013","GLASS_APOTHECARY_BOTTLE_TONIC",12,3.45,12415
"569650","23524","HORSE_&_PONY_WALL_ART",48,3.29,12415
"569650","23527","ANIMALS_AND_NATURE_WALL_ART",48,3.29,12415
"569650","23525","BUFFALO_BILL_WALL_ART",48,3.29,12415
"569650","23523","TREASURE_AHOY_WALL_ART",48,3.29,12415
"569650","23526","DOG_LICENCE_WALL_ART",180,5.35,12415
"569650","23534","STOP_FOR_TEA_WALL_ART",180,5.35,12415
"569650","23535","BICYCLE_SAFTEY_WALL_ART",180,5.35,12415
"569650","23536","VILLAGE_SHOW_WALL_ART",180,5.35,12415
"569650","23541","WALL_ART_CLASSIC_PUDDINGS",48,7.45,12415
"569650","23542","70'S_ALPHABET_WALL_ART",6,7.45,12415
"569650","23533","WALL_ART_GARDEN_HAVEN",36,5.35,12415
"569650","22386","JUMBO_BAG_PINK_POLKADOT",100,1.79,12415
"569650","20711","JUMBO_BAG_TOYS",100,1.79,12415
"569650","23206","LUNCH_BAG_APPLE_DESIGN",100,1.45,12415
"569650","22631","CIRCUS_PARADE_LUNCH_BOX",192,1.65,12415
"569650","22629","SPACEBOY_LUNCH_BOX",64,1.65,12415
"569650","22630","DOLLY_GIRL_LUNCH_BOX",64,1.65,12415
"569650","23371","SET_36_COLOUR_PENCILS_SPACEBOY",128,1.06,12415
"569650","23372","SET_36_COLOUR_PENCILS_DOLLY_GIRL",128,1.06,12415
"569650","23370","SET_36_COLOURING_PENCILS_DOILY",128,1.06,12415
"569650","20979","36_PENCILS_TUBE_RED_RETROSPOT",128,1.06,12415
"569650","20978","36_PENCILS_TUBE_SKULLS",128,1.06,12415
"569650","20727","LUNCH_BAG__BLACK_SKULL.",100,1.45,12415
"569650","23390","DOLLY_GIRL_MINI_BACKPACK",100,3.75,12415
"569650","23389","SPACEBOY_MINI_BACKPACK",100,3.75,12415
"569650","23388","WOODLAND_MINI_BACKPACK",100,3.75,12415
"569650","22029","SPACEBOY_BIRTHDAY_CARD",72,0.36,12415
"569650","22539","MINI_JIGSAW_DOLLY_GIRL",240,0.36,12415
"569650","22544","MINI_JIGSAW_SPACEBOY",240,0.36,12415
"569650","22546","MINI_JIGSAW_PURDEY",240,0.36,12415
"569650","23108","SET_OF_10_LED_DOLLY_LIGHTS",60,5.39,12415
"569650","23236","STORAGE_TIN_VINTAGE_DOILY",48,2.49,12415
"569650","22698","PINK_REGENCY_TEACUP_AND_SAUCER",24,2.55,12415
"569650","22699","ROSES_REGENCY_TEACUP_AND_SAUCER",24,2.55,12415
"569650","22423","REGENCY_CAKESTAND_3_TIER",16,10.95,12415
"569650","23175","REGENCY_MILK_JUG_PINK",24,2.75,12415
"569650","23245","SET_OF_3_REGENCY_CAKE_TINS",32,4.15,12415
"569650","21115","ROSE_CARAVAN_DOORSTOP",16,5.95,12415
"569650","21770","OPEN_CLOSED_METAL_SIGN",36,4.25,12415
"569650","21539","RED_RETROSPOT_BUTTER_DISH",3,4.95,12415
"569650","21843","RED_RETROSPOT_CAKE_STAND",24,9.95,12415
"569650","23308","SET_OF_60_VINTAGE_LEAF_CAKE_CASES",120,0.42,12415
"569650","22090","PAPER_BUNTING_RETROSPOT",40,2.55,12415
"569650","22549","PICTURE_DOMINOES",72,1.25,12415
"569650","22620","4_TRADITIONAL_SPINNING_TOPS",48,1.45,12415
"569650","22991","GIRAFFE_WOODEN_RULER",144,1.65,12415
"569650","22992","REVOLVER_WOODEN_RULER",144,1.65,12415
"569650","21791","VINTAGE_HEADS_AND_TAILS_CARD_GAME",72,1.06,12415
"569650","22327","ROUND_SNACK_BOXES_SET_OF_4_SKULLS",48,2.55,12415
"569722","23355","HOT_WATER_BOTTLE_KEEP_CALM",12,4.95,12431
"569722","23389","SPACEBOY_MINI_BACKPACK",4,4.15,12431
"569722","23392","SPACEBOY_ROCKET_LOLLY_MAKERS",6,2.08,12431
"569722","85014A","BLACK/BLUE_POLKADOT_UMBRELLA",3,5.95,12431
"569722","85014B","RED_RETROSPOT_UMBRELLA",3,5.95,12431
"569722","21936","RED_RETROSPOT_PICNIC_BAG",5,2.95,12431
"569722","22385","JUMBO_BAG_SPACEBOY_DESIGN",20,2.08,12431
"569722","20712","JUMBO_BAG_WOODLAND_ANIMALS",10,2.08,12431
"569722","23559","WOODLAND_BUNNIES_LOLLY_MAKERS",6,2.08,12431
"569722","22423","REGENCY_CAKESTAND_3_TIER",4,12.75,12431
"569722","16169E","WRAP_50'S__CHRISTMAS",25,0.42,12431
"569722","22045","SPACEBOY_GIFT_WRAP",25,0.42,12431
"569722","22726","ALARM_CLOCK_BAKELIKE_GREEN",12,3.75,12431
"569722","22193","RED_DINER_WALL_CLOCK",4,8.5,12431
"569722","22727","ALARM_CLOCK_BAKELIKE_RED",12,3.75,12431
"569722","23316","RED_REFECTORY_CLOCK",2,9.95,12431
"569722","23342","MINT_DINER_WALL_CLOCK",2,8.5,12431
"569722","22690","DOORMAT_HOME_SWEET_HOME_BLUE",4,8.25,12431
"569722","23502","PLAYING_CARDS_VINTAGE_DOILY",12,1.25,12431
"569722","23506","MINI_PLAYING_CARDS_SPACEBOY",20,0.42,12431
"569722","23298","SPOTTY_BUNTING",3,4.95,12431
"569722","23245","SET_OF_3_REGENCY_CAKE_TINS",4,4.95,12431
"569722","22029","SPACEBOY_BIRTHDAY_CARD",12,0.42,12431
"569722","22037","ROBOT_BIRTHDAY_CARD",12,0.42,12431
"569722","21770","OPEN_CLOSED_METAL_SIGN",2,4.95,12431
"569722","21164","HOME_SWEET_HOME_METAL_SIGN",6,2.95,12431
"569722","21243","PINK__POLKADOT_PLATE",8,1.69,12431
"569723","20712","JUMBO_BAG_WOODLAND_ANIMALS",10,2.08,12431
"569723","23108","SET_OF_10_LED_DOLLY_LIGHTS",2,6.25,12431
"569723","22411","JUMBO_SHOPPER_VINTAGE_RED_PAISLEY",10,2.08,12431
"569723","85014B","RED_RETROSPOT_UMBRELLA",3,5.95,12431
"569723","85014A","BLACK/BLUE_POLKADOT_UMBRELLA",3,5.95,12431
"574014","23247","BISCUIT_TIN_50'S_CHRISTMAS",216,2.89,12415
"C574019","22738","RIBBON_REEL_SNOWY_VILLAGE",-120,1.45,12415
"574138","23157","SET_OF_6_NATIVITY_MAGNETS",36,2.08,12415
"574138","23382","BOX_OF_6_CHRISTMAS_CAKE_DECORATIONS",36,3.29,12415
"574138","23084","RABBIT_NIGHT_LIGHT",96,1.79,12415
"574138","22818","CARD_CHRISTMAS_VILLAGE",24,0.42,12415
"574138","23234","BISCUIT_TIN_VINTAGE_CHRISTMAS",216,0,12415
"C574344","POST","POSTAGE",-1,262.73,12415
"574469","23084","RABBIT_NIGHT_LIGHT",336,1.79,12431
"574469","22385","JUMBO_BAG_SPACEBOY_DESIGN",12,0,12431
"576394","20725","LUNCH_BAG_RED_RETROSPOT",100,1.45,12415
"576394","22382","LUNCH_BAG_SPACEBOY_DESIGN",100,1.45,12415
"576394","22629","SPACEBOY_LUNCH_BOX",64,1.65,12415
"576394","22630","DOLLY_GIRL_LUNCH_BOX",64,1.65,12415
"576394","22631","CIRCUS_PARADE_LUNCH_BOX",64,1.65,12415
"576394","22384","LUNCH_BAG_PINK_POLKADOT",100,1.45,12415
"576394","22662","LUNCH_BAG_DOLLY_GIRL_DESIGN",100,1.45,12415
"576394","23206","LUNCH_BAG_APPLE_DESIGN",100,1.45,12415
"576394","23192","BUNDLE_OF_3_ALPHABET_EXERCISE_BOOKS",48,1.45,12415
"576394","22326","ROUND_SNACK_BOXES_SET_OF4_WOODLAND",96,2.55,12415
"576394","21068","VINTAGE_BILLBOARD_LOVE/HATE_MUG",36,1.06,12415
"576394","23084","RABBIT_NIGHT_LIGHT",960,1.79,12415
"576394","22466","FAIRY_TALE_COTTAGE_NIGHT_LIGHT",96,1.65,12415
"576394","21731","RED_TOADSTOOL_LED_NIGHT_LIGHT",144,1.45,12415
"576394","22331","WOODLAND_PARTY_BAG_+_STICKER_SET",48,1.45,12415
"576394","21770","OPEN_CLOSED_METAL_SIGN",36,4.25,12415
"576394","47590A","BLUE_HAPPY_BIRTHDAY_BUNTING",50,4.65,12415
"576394","47590B","PINK_HAPPY_BIRTHDAY_BUNTING",50,4.65,12415
"576394","23480","MINI_LIGHTS_WOODLAND_MUSHROOMS",48,3.29,12415
"576394","23497","CLASSIC_CHROME_BICYCLE_BELL",48,1.25,12415
"576394","22131","FOOD_CONTAINER_SET_3_LOVE_HEART",72,1.65,12415
"576394","22132","RED_LOVE_HEART_SHAPE_CUP",96,0.72,12415
"576394","22196","SMALL_HEART_MEASURING_SPOONS",160,0.72,12415
"576394","22195","LARGE_HEART_MEASURING_SPOONS",80,1.45,12415
"576394","48194","DOORMAT_HEARTS",10,7.08,12415
"576394","84992","72_SWEETHEART_FAIRY_CAKE_CASES",120,0.42,12415
"576586","23084","RABBIT_NIGHT_LIGHT",240,1.79,12415
"578459","22338","STAR_DECORATION_PAINTED_ZINC",96,0.19,12388
"578459","22600","CHRISTMAS_RETROSPOT_STAR_WOOD",20,0.85,12388
"578459","22910","PAPER_CHAIN_KIT_VINTAGE_CHRISTMAS",20,2.95,12388
"578459","22086","PAPER_CHAIN_KIT_50'S_CHRISTMAS",20,2.95,12388
"578459","22340","NOEL_GARLAND_PAINTED_ZINC",24,0.39,12388
"578459","22576","SWALLOW_WOODEN_CHRISTMAS_DECORATION",20,0.85,12388
"578459","22580","ADVENT_CALENDAR_GINGHAM_SACK",12,5.95,12388
"578459","22669","RED_BABY_BUNTING",12,2.95,12388
